, format: day,hour,기온,강수,강수형태,습도,풍속,풍향,하늘상태,뇌전
0,1,0,5.0,0.0,0.0,49.0,2.9,323.0,-1.0,-1.0
1,1,100,5.5,0.0,0.0,51.0,3.0,286.0,-1.0,-1.0
2,1,200,5.5,0.0,0.0,50.0,3.0,255.0,-1.0,-1.0
3,1,300,6.0,0.0,0.0,54.0,3.7,303.0,-1.0,-1.0
4,1,400,5.9,0.0,0.0,54.0,3.7,295.0,-1.0,-1.0
5,1,500,6.1,0.0,0.0,53.0,3.1,311.0,-1.0,-1.0
6,1,600,6.0,0.0,0.0,55.0,4.1,313.0,-1.0,-1.0
7,1,700,6.0,0.0,0.0,55.0,3.3,282.0,-1.0,-1.0
8,1,800,6.0,0.0,0.0,56.0,3.1,305.0,-1.0,-1.0
9,1,900,6.2,0.0,0.0,56.0,3.4,297.0,-1.0,-1.0
10,1,1000,6.2,0.0,0.0,55.0,2.1,237.0,-1.0,-1.0
11,1,1100,5.5,0.0,0.0,62.0,1.8,192.0,-1.0,-1.0
12,1,1200,6.6,0.0,0.0,56.0,3.1,293.0,-1.0,-1.0
13,1,1300,6.8,0.0,0.0,59.0,3.7,299.0,-1.0,-1.0
14,1,1400,7.3,0.0,0.0,52.0,4.1,278.0,-1.0,-1.0
15,1,1500,6.9,0.0,0.0,52.0,3.8,266.0,-1.0,-1.0
16,1,1600,7.0,0.0,0.0,51.0,4.6,277.0,-1.0,-1.0
17,1,1700,6.9,0.0,0.0,53.0,4.6,298.0,-1.0,-1.0
18,1,1800,6.7,0.0,0.0,53.0,4.3,277.0,-1.0,-1.0
19,1,1900,6.8,0.0,0.0,52.0,5.4,298.0,-1.0,-1.0
20,1,2000,6.8,0.0,0.0,52.0,5.8,307.0,-1.0,-1.0
21,1,2100,6.8,0.0,0.0,52.0,5.5,299.0,-1.0,-1.0
22,1,2200,7.1,0.0,0.0,49.0,3.9,288.0,-1.0,-1.0
23,1,2300,7.2,0.0,0.0,50.0,4.8,304.0,-1.0,-1.0
24,2,0,7.6,0.0,0.0,51.0,3.3,269.0,-1.0,-1.0
25,2,100,7.5,0.0,0.0,64.0,5.3,343.0,-1.0,-1.0
26,2,200,6.9,0.0,0.0,67.0,5.7,335.0,-1.0,-1.0
27,2,300,7.9,0.0,0.0,64.0,4.9,346.0,-1.0,-1.0
28,2,400,6.8,0.0,0.0,65.0,4.3,359.0,-1.0,-1.0
29,2,500,6.9,0.0,0.0,56.0,3.5,333.0,-1.0,-1.0
30,2,600,6.8,0.0,0.0,54.0,3.9,315.0,-1.0,-1.0
31,2,700,5.5,0.0,0.0,63.0,4.0,354.0,-1.0,-1.0
32,2,800,4.8,0.0,0.0,61.0,3.8,351.0,-1.0,-1.0
33,2,900,4.2,0.0,0.0,57.0,4.0,357.0,-1.0,-1.0
34,2,1000,3.8,0.0,0.0,55.0,4.1,10.0,-1.0,-1.0
35,2,1100,3.7,0.0,0.0,57.0,1.9,18.0,-1.0,-1.0
36,2,1200,3.5,0.0,0.0,54.0,2.9,26.0,-1.0,-1.0
37,2,1300,2.8,0.0,0.0,59.0,3.2,10.0,-1.0,-1.0
38,2,1400,2.9,0.0,0.0,59.0,2.3,18.0,-1.0,-1.0
39,2,1500,3.0,0.0,0.0,61.0,1.7,13.0,-1.0,-1.0
40,2,1600,3.3,0.0,0.0,62.0,2.3,23.0,-1.0,-1.0
41,2,1700,3.3,0.0,0.0,62.0,3.3,14.0,-1.0,-1.0
42,2,1800,3.4,0.0,0.0,62.0,2.6,15.0,-1.0,-1.0
43,2,1900,3.4,0.0,0.0,62.0,3.3,19.0,-1.0,-1.0
44,2,2000,3.4,0.0,0.0,62.0,4.3,10.0,-1.0,-1.0
45,2,2100,3.3,0.0,0.0,61.0,3.6,15.0,-1.0,-1.0
46,2,2200,3.4,0.0,0.0,61.0,2.0,28.0,-1.0,-1.0
47,2,2300,3.8,0.0,0.0,59.0,3.5,14.0,-1.0,-1.0
48,3,0,4.2,0.0,0.0,57.0,4.2,23.0,-1.0,-1.0
49,3,100,5.6,0.0,0.0,55.0,2.5,13.0,-1.0,-1.0
50,3,200,5.3,0.0,0.0,53.0,2.9,3.0,-1.0,-1.0
51,3,300,5.2,0.0,0.0,53.0,3.1,348.0,-1.0,-1.0
52,3,400,5.2,0.0,0.0,54.0,2.2,300.0,-1.0,-1.0
53,3,500,5.2,0.0,0.0,55.0,2.7,348.0,-1.0,-1.0
54,3,600,5.0,0.0,0.0,57.0,1.7,338.0,-1.0,-1.0
55,3,700,4.8,0.0,0.0,58.0,3.3,27.0,-1.0,-1.0
56,3,800,4.7,0.0,0.0,57.0,1.1,93.0,-1.0,-1.0
57,3,900,5.0,0.0,0.0,56.0,2.2,29.0,-1.0,-1.0
58,3,1000,4.5,0.0,0.0,60.0,0.9,183.0,-1.0,-1.0
59,3,1100,4.8,0.0,0.0,59.0,1.2,114.0,-1.0,-1.0
60,3,1200,4.7,0.0,0.0,58.0,0.6,178.0,-1.0,-1.0
61,3,1300,5.3,0.0,0.0,48.0,1.4,91.0,-1.0,-1.0
62,3,1400,5.1,0.0,0.0,51.0,2.0,42.0,-1.0,-1.0
63,3,1500,5.1,0.0,0.0,50.0,2.3,57.0,-1.0,-1.0
64,3,1600,3.7,0.0,0.0,58.0,1.1,183.0,-1.0,-1.0
65,3,1700,3.5,0.0,0.0,59.0,0.8,204.0,-1.0,-1.0
66,3,1800,3.0,0.0,0.0,62.0,1.3,156.0,-1.0,-1.0
67,3,1900,2.7,0.0,0.0,64.0,1.9,154.0,-1.0,-1.0
68,3,2000,2.5,0.0,0.0,66.0,1.9,149.0,-1.0,-1.0
69,3,2100,2.3,0.0,0.0,69.0,2.1,163.0,-1.0,-1.0
70,3,2200,2.6,0.0,0.0,69.0,1.4,164.0,-1.0,-1.0
71,3,2300,4.7,0.0,0.0,62.0,2.1,147.0,-1.0,-1.0
72,4,0,8.2,0.0,0.0,50.0,1.1,89.0,-1.0,-1.0
73,4,100,8.3,0.0,0.0,52.0,2.0,56.0,-1.0,-1.0
74,4,200,7.7,0.0,0.0,52.0,3.6,35.0,-1.0,-1.0
75,4,300,8.3,0.0,0.0,50.0,3.2,37.0,-1.0,-1.0
76,4,400,8.2,0.0,0.0,52.0,2.1,30.0,-1.0,-1.0
77,4,500,8.2,0.0,0.0,52.0,2.3,61.0,-1.0,-1.0
78,4,600,8.0,0.0,0.0,52.0,2.0,88.0,-1.0,-1.0
79,4,700,7.9,0.0,0.0,53.0,1.6,147.0,-1.0,-1.0
80,4,800,7.7,0.0,0.0,54.0,1.7,153.0,-1.0,-1.0
81,4,900,7.8,0.0,0.0,51.0,1.7,167.0,-1.0,-1.0
82,4,1000,7.4,0.0,0.0,54.0,1.2,174.0,-1.0,-1.0
83,4,1100,6.9,0.0,0.0,57.0,1.6,163.0,-1.0,-1.0
84,4,1200,6.7,0.0,0.0,58.0,1.6,163.0,-1.0,-1.0
85,4,1300,6.6,0.0,0.0,59.0,1.3,166.0,-1.0,-1.0
86,4,1400,6.4,0.0,0.0,63.0,2.1,169.0,-1.0,-1.0
87,4,1500,6.5,0.0,0.0,64.0,2.6,175.0,-1.0,-1.0
88,4,1600,6.8,0.0,0.0,61.0,2.2,174.0,-1.0,-1.0
89,4,1700,7.0,0.0,0.0,58.0,1.5,184.0,-1.0,-1.0
90,4,1800,9.0,0.0,0.0,57.0,3.1,340.0,-1.0,-1.0
91,4,1900,8.1,0.0,0.0,59.0,1.2,249.0,-1.0,-1.0
92,4,2000,8.7,0.0,1.0,72.0,2.9,342.0,-1.0,-1.0
93,4,2100,8.8,0.0,0.0,67.0,3.8,4.0,-1.0,-1.0
94,4,2200,8.2,0.0,1.0,71.0,6.1,10.0,-1.0,-1.0
95,4,2300,7.3,0.0,0.0,70.0,7.5,6.0,-1.0,-1.0
96,5,0,7.0,0.0,0.0,65.0,6.2,3.0,-1.0,-1.0
97,5,100,6.6,0.0,0.0,67.0,4.5,7.0,-1.0,-1.0
98,5,200,6.5,0.0,0.0,60.0,4.8,1.0,-1.0,-1.0
99,5,300,6.3,0.0,0.0,60.0,3.4,357.0,-1.0,-1.0
100,5,400,5.6,0.0,0.0,64.0,4.4,5.0,-1.0,-1.0
101,5,500,5.0,0.0,0.0,66.0,5.0,14.0,-1.0,-1.0
102,5,600,4.5,0.0,0.0,62.0,4.2,12.0,-1.0,-1.0
103,5,700,4.3,0.0,0.0,66.0,4.5,8.0,-1.0,-1.0
104,5,800,3.6,0.0,0.0,63.0,3.5,349.0,-1.0,-1.0
105,5,900,3.1,0.0,0.0,63.0,3.5,348.0,-1.0,-1.0
106,5,1000,2.8,0.0,0.0,63.0,4.3,3.0,-1.0,-1.0
107,5,1100,2.7,0.0,0.0,63.0,2.6,328.0,-1.0,-1.0
108,5,1200,2.9,0.0,0.0,62.0,3.8,335.0,-1.0,-1.0
109,5,1300,2.9,0.0,0.0,64.0,3.9,345.0,-1.0,-1.0
110,5,1400,2.5,0.0,0.0,72.0,4.6,11.0,-1.0,-1.0
111,5,1500,2.9,0.0,0.0,65.0,4.1,334.0,-1.0,-1.0
112,5,1600,3.0,0.0,0.0,65.0,4.9,330.0,-1.0,-1.0
113,5,1700,3.0,0.0,0.0,70.0,4.9,358.0,-1.0,-1.0
114,5,1800,2.9,0.0,3.0,71.0,4.0,333.0,-1.0,-1.0
115,5,1900,1.9,0.1,3.0,81.0,2.7,308.0,-1.0,-1.0
116,5,2000,3.2,0.0,0.0,67.0,5.3,314.0,-1.0,-1.0
117,5,2100,3.4,0.0,0.0,57.0,4.9,313.0,-1.0,-1.0
118,5,2200,3.4,0.0,3.0,60.0,4.2,289.0,-1.0,-1.0
119,5,2300,3.3,0.0,0.0,61.0,5.2,310.0,-1.0,-1.0
120,6,0,3.5,0.0,3.0,59.0,4.8,306.0,-1.0,-1.0
121,6,100,4.1,0.0,0.0,58.0,5.4,304.0,-1.0,-1.0
122,6,200,3.7,0.0,0.0,64.0,5.5,314.0,-1.0,-1.0
123,6,300,4.5,0.0,2.0,61.0,6.3,311.0,-1.0,-1.0
124,6,400,5.1,0.0,0.0,48.0,3.6,294.0,-1.0,-1.0
125,6,500,4.6,0.0,0.0,43.0,5.1,290.0,-1.0,-1.0
126,6,600,4.1,0.0,0.0,46.0,5.1,297.0,-1.0,-1.0
127,6,700,3.8,0.0,0.0,48.0,6.2,301.0,-1.0,-1.0
128,6,800,4.0,0.0,0.0,49.0,5.1,302.0,-1.0,-1.0
129,6,900,4.1,0.0,0.0,51.0,4.9,294.0,-1.0,-1.0
130,6,1000,4.2,0.0,0.0,52.0,5.9,295.0,-1.0,-1.0
131,6,1100,4.2,0.0,2.0,57.0,6.3,276.0,-1.0,-1.0
132,6,1200,5.5,0.0,0.0,55.0,6.7,284.0,-1.0,-1.0
133,6,1300,4.6,0.5,0.0,79.0,7.4,306.0,-1.0,-1.0
134,6,1400,3.9,0.0,0.0,72.0,9.6,308.0,-1.0,-1.0
135,6,1500,2.8,0.0,0.0,65.0,10.9,303.0,-1.0,-1.0
136,6,1600,1.5,0.0,0.0,61.0,9.1,300.0,-1.0,-1.0
137,6,1700,0.6,0.0,3.0,67.0,9.4,301.0,-1.0,-1.0
138,6,1800,-0.2,0.0,3.0,79.0,9.8,308.0,-1.0,-1.0
139,6,1900,0.0,0.1,0.0,63.0,10.2,311.0,-1.0,-1.0
140,6,2000,-0.3,0.0,3.0,66.0,6.8,291.0,-1.0,-1.0
141,6,2100,-0.3,0.3,3.0,83.0,7.2,307.0,-1.0,-1.0
142,6,2200,-0.1,0.0,0.0,52.0,6.8,302.0,-1.0,-1.0
143,6,2300,-2.1,0.7,3.0,90.0,7.7,316.0,-1.0,-1.0
144,7,0,-1.5,1.0,3.0,86.0,8.1,335.0,-1.0,-1.0
145,7,100,-1.4,0.4,3.0,86.0,7.4,356.0,-1.0,-1.0
146,7,200,-1.0,0.1,3.0,76.0,7.7,336.0,-1.0,-1.0
147,7,300,-2.1,0.1,3.0,84.0,6.4,321.0,-1.0,-1.0
148,7,400,-1.4,0.1,3.0,80.0,5.4,318.0,-1.0,-1.0
149,7,500,-2.9,0.3,3.0,87.0,5.8,331.0,-1.0,-1.0
150,7,600,-1.7,0.4,3.0,76.0,7.2,327.0,-1.0,-1.0
151,7,700,-1.8,0.1,3.0,85.0,6.4,347.0,-1.0,-1.0
152,7,800,-1.6,0.1,3.0,80.0,5.5,343.0,-1.0,-1.0
153,7,900,-2.2,0.7,3.0,87.0,6.0,332.0,-1.0,-1.0
154,7,1000,-1.8,0.9,3.0,88.0,4.8,343.0,-1.0,-1.0
155,7,1100,-1.4,1.8,3.0,90.0,6.4,3.0,-1.0,-1.0
156,7,1200,-1.5,0.1,3.0,74.0,5.6,304.0,-1.0,-1.0
157,7,1300,-0.7,0.7,3.0,67.0,5.9,308.0,-1.0,-1.0
158,7,1400,-0.7,0.0,3.0,59.0,6.9,306.0,-1.0,-1.0
159,7,1500,-0.6,0.0,3.0,67.0,6.1,316.0,-1.0,-1.0
160,7,1600,-0.7,0.2,3.0,71.0,7.2,314.0,-1.0,-1.0
161,7,1700,-1.5,0.0,3.0,81.0,6.2,337.0,-1.0,-1.0
162,7,1800,-1.0,0.0,0.0,62.0,6.8,311.0,-1.0,-1.0
163,7,1900,-1.0,0.0,3.0,60.0,7.9,314.0,-1.0,-1.0
164,7,2000,-1.4,0.0,3.0,74.0,8.3,321.0,-1.0,-1.0
165,7,2100,-0.5,0.0,0.0,50.0,6.2,305.0,-1.0,-1.0
166,7,2200,-1.6,0.2,3.0,87.0,8.3,322.0,-1.0,-1.0
167,7,2300,-2.1,1.2,3.0,91.0,9.4,17.0,-1.0,-1.0
168,8,0,-2.2,0.9,3.0,91.0,5.4,342.0,-1.0,-1.0
169,8,100,-1.2,0.0,0.0,81.0,4.7,335.0,-1.0,-1.0
170,8,200,-1.3,0.0,3.0,83.0,6.8,355.0,-1.0,-1.0
171,8,300,-0.4,0.7,3.0,84.0,5.7,310.0,-1.0,-1.0
172,8,400,-0.3,0.8,3.0,81.0,6.2,308.0,-1.0,-1.0
173,8,500,-0.6,0.0,3.0,73.0,8.4,312.0,-1.0,-1.0
174,8,600,-0.1,0.0,3.0,72.0,7.7,307.0,-1.0,-1.0
175,8,700,0.6,0.0,3.0,64.0,7.0,309.0,-1.0,-1.0
176,8,800,0.2,0.1,3.0,65.0,8.1,306.0,-1.0,-1.0
177,8,900,-0.1,0.0,3.0,68.0,7.8,318.0,-1.0,-1.0
178,8,1000,0.1,0.0,3.0,60.0,8.8,310.0,-1.0,-1.0
179,8,1100,0.4,0.1,0.0,65.0,8.1,325.0,-1.0,-1.0
180,8,1200,-0.9,0.2,3.0,84.0,9.0,326.0,-1.0,-1.0
181,8,1300,-1.1,0.5,3.0,89.0,5.3,337.0,-1.0,-1.0
182,8,1400,-0.7,1.2,3.0,80.0,7.2,315.0,-1.0,-1.0
183,8,1500,-0.7,0.0,0.0,75.0,5.8,347.0,-1.0,-1.0
184,8,1600,-1.0,0.0,0.0,70.0,6.8,314.0,-1.0,-1.0
185,8,1700,-0.4,0.0,0.0,77.0,5.2,335.0,-1.0,-1.0
186,8,1800,0.7,0.0,0.0,61.0,7.3,315.0,-1.0,-1.0
187,8,1900,0.8,0.0,0.0,70.0,7.0,309.0,-1.0,-1.0
188,8,2000,0.5,0.0,0.0,63.0,6.1,311.0,-1.0,-1.0
189,8,2100,1.1,0.0,0.0,58.0,6.6,296.0,-1.0,-1.0
190,8,2200,0.3,0.0,3.0,77.0,6.4,292.0,-1.0,-1.0
191,8,2300,1.5,0.1,3.0,63.0,6.4,305.0,-1.0,-1.0
192,9,0,1.5,0.0,0.0,66.0,8.5,313.0,-1.0,-1.0
193,9,100,1.9,0.0,0.0,55.0,7.3,294.0,-1.0,-1.0
194,9,200,2.4,0.0,0.0,60.0,8.2,307.0,-1.0,-1.0
195,9,300,2.5,0.0,0.0,62.0,7.9,308.0,-1.0,-1.0
196,9,400,2.2,0.0,0.0,67.0,7.8,322.0,-1.0,-1.0
197,9,500,1.5,0.5,0.0,79.0,6.8,319.0,-1.0,-1.0
198,9,600,1.9,0.0,3.0,73.0,7.4,323.0,-1.0,-1.0
199,9,700,2.6,0.1,0.0,64.0,8.4,317.0,-1.0,-1.0
200,9,800,1.1,0.0,3.0,80.0,5.4,288.0,-1.0,-1.0
201,9,900,1.9,0.2,3.0,81.0,7.0,316.0,-1.0,-1.0
202,9,1000,2.8,0.0,0.0,62.0,6.8,313.0,-1.0,-1.0
203,9,1100,2.1,0.0,0.0,68.0,5.6,354.0,-1.0,-1.0
204,9,1200,0.7,0.0,0.0,69.0,5.2,351.0,-1.0,-1.0
205,9,1300,0.7,0.0,0.0,69.0,3.7,347.0,-1.0,-1.0
206,9,1400,0.8,0.0,0.0,64.0,3.7,308.0,-1.0,-1.0
207,9,1500,1.2,0.0,0.0,68.0,2.8,338.0,-1.0,-1.0
208,9,1600,1.2,0.0,0.0,68.0,3.6,329.0,-1.0,-1.0
209,9,1700,1.4,0.0,0.0,68.0,3.3,330.0,-1.0,-1.0
210,9,1800,1.7,0.0,3.0,71.0,3.1,342.0,-1.0,-1.0
211,9,1900,1.8,0.0,0.0,67.0,2.0,275.0,-1.0,-1.0
212,9,2000,2.1,0.0,3.0,69.0,2.4,299.0,-1.0,-1.0
213,9,2100,2.7,0.0,0.0,68.0,2.0,289.0,-1.0,-1.0
214,9,2200,1.8,0.0,2.0,86.0,3.4,346.0,-1.0,-1.0
215,9,2300,3.2,0.0,2.0,73.0,3.1,289.0,-1.0,-1.0
216,10,0,3.9,0.0,0.0,59.0,3.6,296.0,-1.0,-1.0
217,10,100,3.9,0.0,0.0,65.0,4.8,306.0,-1.0,-1.0
218,10,200,4.1,0.0,2.0,65.0,4.0,290.0,-1.0,-1.0
219,10,300,4.8,0.0,0.0,64.0,4.9,302.0,-1.0,-1.0
220,10,400,4.8,0.0,0.0,62.0,6.2,306.0,-1.0,-1.0
221,10,500,4.7,0.0,0.0,57.0,7.1,297.0,-1.0,-1.0
222,10,600,5.0,0.0,0.0,55.0,6.5,296.0,-1.0,-1.0
223,10,700,5.0,0.0,0.0,63.0,6.5,305.0,-1.0,-1.0
224,10,800,5.0,0.0,0.0,59.0,7.0,314.0,-1.0,-1.0
225,10,900,4.8,0.0,0.0,55.0,4.9,313.0,-1.0,-1.0
226,10,1000,4.9,0.0,0.0,54.0,4.9,322.0,-1.0,-1.0
227,10,1100,4.7,0.0,0.0,53.0,3.9,332.0,-1.0,-1.0
228,10,1200,4.7,0.0,0.0,54.0,4.0,350.0,-1.0,-1.0
229,10,1300,4.6,0.0,0.0,53.0,3.7,0.0,-1.0,-1.0
230,10,1400,4.6,0.0,0.0,54.0,3.4,348.0,-1.0,-1.0
231,10,1500,4.7,0.0,0.0,55.0,3.4,345.0,-1.0,-1.0
232,10,1600,4.8,0.0,0.0,52.0,3.6,297.0,-1.0,-1.0
233,10,1700,4.9,0.0,0.0,56.0,4.0,303.0,-1.0,-1.0
234,10,1800,5.0,0.0,0.0,55.0,3.0,298.0,-1.0,-1.0
235,10,1900,5.0,0.0,0.0,55.0,3.0,292.0,-1.0,-1.0
236,10,2000,4.8,0.0,0.0,60.0,2.5,261.0,-1.0,-1.0
237,10,2100,4.6,0.0,1.0,72.0,2.4,26.0,-1.0,-1.0
238,10,2200,3.2,0.0,2.0,78.0,1.7,145.0,-1.0,-1.0
239,10,2300,2.5,0.7,2.0,88.0,1.8,224.0,-1.0,-1.0
240,11,0,2.0,4.7,2.0,92.0,2.0,164.0,-1.0,-1.0
241,11,100,2.4,0.4,1.0,91.0,1.5,172.0,-1.0,-1.0
242,11,200,3.2,0.0,0.0,88.0,1.6,183.0,-1.0,-1.0
243,11,300,3.5,0.0,1.0,84.0,0.9,237.0,-1.0,-1.0
244,11,400,3.5,0.1,1.0,79.0,0.9,297.0,-1.0,-1.0
245,11,500,3.2,0.1,0.0,87.0,1.7,166.0,-1.0,-1.0
246,11,600,3.7,0.0,0.0,82.0,1.9,173.0,-1.0,-1.0
247,11,700,3.7,0.0,0.0,80.0,0.9,193.0,-1.0,-1.0
248,11,800,3.9,0.0,1.0,80.0,1.2,152.0,-1.0,-1.0
249,11,900,3.1,0.5,1.0,84.0,1.4,159.0,-1.0,-1.0
250,11,1000,2.9,0.4,1.0,85.0,0.8,228.0,-1.0,-1.0
251,11,1100,1.7,1.5,2.0,91.0,3.0,205.0,-1.0,-1.0
252,11,1200,2.2,1.2,2.0,92.0,2.0,207.0,-1.0,-1.0
253,11,1300,2.9,1.2,1.0,92.0,3.6,284.0,-1.0,-1.0
254,11,1400,3.7,0.1,1.0,82.0,4.8,270.0,-1.0,-1.0
255,11,1500,2.7,0.1,2.0,85.0,5.1,289.0,-1.0,-1.0
256,11,1600,4.4,0.0,1.0,72.0,4.5,342.0,-1.0,-1.0
257,11,1700,4.4,0.0,0.0,58.0,4.9,295.0,-1.0,-1.0
258,11,1800,4.5,0.0,0.0,56.0,4.6,307.0,-1.0,-1.0
259,11,1900,4.4,0.0,0.0,53.0,5.5,309.0,-1.0,-1.0
260,11,2000,4.3,0.0,0.0,53.0,5.3,305.0,-1.0,-1.0
261,11,2100,4.2,0.0,0.0,54.0,3.8,296.0,-1.0,-1.0
262,11,2200,4.5,0.0,0.0,54.0,3.5,303.0,-1.0,-1.0
263,11,2300,4.4,0.0,0.0,57.0,4.3,297.0,-1.0,-1.0
264,12,0,4.7,0.0,0.0,57.0,3.2,307.0,-1.0,-1.0
265,12,100,3.8,0.0,0.0,64.0,2.2,260.0,-1.0,-1.0
266,12,200,5.3,0.0,0.0,65.0,3.1,202.0,-1.0,-1.0
267,12,300,5.1,0.0,0.0,61.0,3.4,240.0,-1.0,-1.0
268,12,400,3.5,0.5,1.0,81.0,1.8,219.0,-1.0,-1.0
269,12,500,4.1,0.5,1.0,84.0,2.6,206.0,-1.0,-1.0
270,12,600,4.7,0.0,1.0,81.0,2.3,208.0,-1.0,-1.0
271,12,700,5.7,0.0,0.0,60.0,4.0,243.0,-1.0,-1.0
272,12,800,5.8,0.0,0.0,57.0,4.0,252.0,-1.0,-1.0
273,12,900,5.4,0.0,0.0,58.0,3.8,219.0,-1.0,-1.0
274,12,1000,5.2,0.0,0.0,57.0,3.1,216.0,-1.0,-1.0
275,12,1100,4.9,0.0,0.0,60.0,3.2,216.0,-1.0,-1.0
276,12,1200,4.9,0.0,0.0,59.0,3.3,214.0,-1.0,-1.0
277,12,1300,5.0,0.0,0.0,58.0,3.6,203.0,-1.0,-1.0
278,12,1400,5.4,0.0,0.0,57.0,4.4,213.0,-1.0,-1.0
279,12,1500,6.0,0.0,0.0,58.0,3.3,218.0,-1.0,-1.0
280,12,1600,6.3,0.0,0.0,57.0,3.0,208.0,-1.0,-1.0
281,12,1700,6.4,0.0,0.0,56.0,3.3,203.0,-1.0,-1.0
282,12,1800,6.9,0.0,0.0,55.0,3.5,207.0,-1.0,-1.0
283,12,1900,7.3,0.0,0.0,54.0,3.5,206.0,-1.0,-1.0
284,12,2000,7.6,0.0,0.0,54.0,3.7,204.0,-1.0,-1.0
285,12,2100,7.8,0.0,0.0,53.0,4.0,205.0,-1.0,-1.0
286,12,2200,8.1,0.0,0.0,53.0,3.7,207.0,-1.0,-1.0
287,12,2300,8.8,0.0,0.0,51.0,4.1,202.0,-1.0,-1.0
288,13,0,11.3,0.0,0.0,45.0,3.2,235.0,-1.0,-1.0
289,13,100,12.2,0.0,0.0,45.0,5.6,233.0,-1.0,-1.0
290,13,200,12.8,0.0,0.0,41.0,6.5,234.0,-1.0,-1.0
291,13,300,13.3,0.0,0.0,44.0,5.6,239.0,-1.0,-1.0
292,13,400,13.2,0.0,0.0,46.0,7.1,244.0,-1.0,-1.0
293,13,500,13.2,0.0,0.0,47.0,6.8,233.0,-1.0,-1.0
294,13,600,12.7,0.0,0.0,45.0,5.7,241.0,-1.0,-1.0
295,13,700,11.5,0.0,0.0,48.0,4.8,242.0,-1.0,-1.0
296,13,800,10.7,0.0,0.0,49.0,5.2,240.0,-1.0,-1.0
297,13,900,10.8,0.0,0.0,45.0,3.5,235.0,-1.0,-1.0
298,13,1000,11.0,0.0,0.0,40.0,5.2,235.0,-1.0,-1.0
299,13,1100,10.7,0.0,0.0,42.0,4.6,239.0,-1.0,-1.0
300,13,1200,10.8,0.0,0.0,45.0,4.1,225.0,-1.0,-1.0
301,13,1300,10.2,0.0,0.0,51.0,4.2,214.0,-1.0,-1.0
302,13,1400,10.5,0.0,0.0,55.0,3.9,239.0,-1.0,-1.0
303,13,1500,10.5,0.0,0.0,57.0,4.5,242.0,-1.0,-1.0
304,13,1600,10.3,0.0,0.0,59.0,3.3,220.0,-1.0,-1.0
305,13,1700,9.9,0.0,0.0,62.0,2.8,212.0,-1.0,-1.0
306,13,1800,9.6,0.0,0.0,63.0,3.6,206.0,-1.0,-1.0
307,13,1900,9.6,0.0,0.0,65.0,3.1,209.0,-1.0,-1.0
308,13,2000,8.9,0.0,0.0,67.0,1.9,187.0,-1.0,-1.0
309,13,2100,8.8,0.0,0.0,67.0,1.0,120.0,-1.0,-1.0
310,13,2200,8.4,0.0,0.0,71.0,2.1,151.0,-1.0,-1.0
311,13,2300,9.1,0.0,0.0,66.0,1.4,163.0,-1.0,-1.0
312,14,0,12.4,0.0,0.0,66.0,2.0,83.0,-1.0,-1.0
313,14,100,13.4,0.0,0.0,60.0,2.4,52.0,-1.0,-1.0
314,14,200,13.1,0.0,0.0,63.0,3.7,29.0,-1.0,-1.0
315,14,300,13.9,0.0,0.0,59.0,2.8,34.0,-1.0,-1.0
316,14,400,14.3,0.0,0.0,57.0,3.4,25.0,-1.0,-1.0
317,14,500,14.9,0.0,0.0,59.0,2.4,355.0,-1.0,-1.0
318,14,600,14.8,0.0,0.0,52.0,1.5,289.0,-1.0,-1.0
319,14,700,13.7,0.0,0.0,56.0,2.0,83.0,-1.0,-1.0
320,14,800,12.6,0.0,0.0,59.0,1.8,164.0,-1.0,-1.0
321,14,900,11.5,0.0,0.0,61.0,1.5,165.0,-1.0,-1.0
322,14,1000,10.2,0.0,0.0,64.0,2.1,161.0,-1.0,-1.0
323,14,1100,9.1,0.0,0.0,65.0,2.3,168.0,-1.0,-1.0
324,14,1200,8.8,0.0,0.0,61.0,2.1,165.0,-1.0,-1.0
325,14,1300,8.4,0.0,0.0,63.0,3.4,145.0,-1.0,-1.0
326,14,1400,8.5,0.0,0.0,60.0,2.5,148.0,-1.0,-1.0
327,14,1500,8.2,0.0,0.0,64.0,1.9,181.0,-1.0,-1.0
328,14,1600,8.2,0.0,0.0,61.0,2.6,171.0,-1.0,-1.0
329,14,1700,8.1,0.0,0.0,67.0,2.6,150.0,-1.0,-1.0
330,14,1800,8.2,0.0,0.0,70.0,2.2,158.0,-1.0,-1.0
331,14,1900,8.1,0.0,0.0,77.0,2.1,162.0,-1.0,-1.0
332,14,2000,8.0,0.0,0.0,81.0,2.2,159.0,-1.0,-1.0
333,14,2100,8.1,0.0,0.0,81.0,1.8,187.0,-1.0,-1.0
334,14,2200,8.9,0.0,0.0,80.0,1.7,177.0,-1.0,-1.0
335,14,2300,9.6,0.0,0.0,78.0,2.0,155.0,-1.0,-1.0
336,15,0,14.2,0.0,0.0,63.0,1.1,279.0,-1.0,-1.0
337,15,100,16.4,0.0,0.0,51.0,4.2,216.0,-1.0,-1.0
338,15,200,17.0,0.0,0.0,49.0,5.6,218.0,-1.0,-1.0
339,15,300,18.1,0.0,0.0,47.0,5.5,240.0,-1.0,-1.0
340,15,400,18.200001,0.0,0.0,47.0,5.0,229.0,-1.0,-1.0
341,15,500,18.200001,0.0,0.0,48.0,5.0,235.0,-1.0,-1.0
342,15,600,17.0,0.0,0.0,51.0,5.1,239.0,-1.0,-1.0
343,15,700,16.0,0.0,0.0,57.0,4.0,226.0,-1.0,-1.0
344,15,800,15.3,0.0,0.0,61.0,3.8,244.0,-1.0,-1.0
345,15,900,14.5,0.0,0.0,69.0,3.3,249.0,-1.0,-1.0
346,15,1000,14.3,0.0,0.0,72.0,3.0,256.0,-1.0,-1.0
347,15,1100,12.4,0.0,0.0,82.0,2.6,354.0,-1.0,-1.0
348,15,1200,11.1,0.0,0.0,84.0,2.7,316.0,-1.0,-1.0
349,15,1300,9.8,0.0,0.0,80.0,6.1,5.0,-1.0,-1.0
350,15,1400,8.6,0.0,0.0,75.0,3.8,354.0,-1.0,-1.0
351,15,1500,8.2,0.0,0.0,74.0,2.8,309.0,-1.0,-1.0
352,15,1600,8.0,0.0,0.0,68.0,3.8,301.0,-1.0,-1.0
353,15,1700,7.4,0.0,0.0,66.0,4.8,307.0,-1.0,-1.0
354,15,1800,7.1,0.0,0.0,66.0,4.0,304.0,-1.0,-1.0
355,15,1900,6.5,0.0,0.0,66.0,4.9,325.0,-1.0,-1.0
356,15,2000,6.5,0.0,0.0,64.0,5.7,311.0,-1.0,-1.0
357,15,2100,6.0,0.0,0.0,68.0,4.8,324.0,-1.0,-1.0
358,15,2200,5.4,0.0,0.0,66.0,4.6,310.0,-1.0,-1.0
359,15,2300,5.4,0.0,0.0,67.0,4.1,306.0,-1.0,-1.0
360,16,0,5.1,0.0,0.0,66.0,5.1,316.0,-1.0,-1.0
361,16,100,5.2,0.0,0.0,64.0,4.8,319.0,-1.0,-1.0
362,16,200,5.3,0.0,0.0,64.0,5.3,320.0,-1.0,-1.0
363,16,300,5.5,0.0,0.0,59.0,4.6,320.0,-1.0,-1.0
364,16,400,5.6,0.0,0.0,61.0,5.4,313.0,-1.0,-1.0
365,16,500,4.9,0.0,0.0,62.0,5.8,315.0,-1.0,-1.0
366,16,600,4.6,0.0,0.0,61.0,4.3,338.0,-1.0,-1.0
367,16,700,4.3,0.0,0.0,63.0,4.8,321.0,-1.0,-1.0
368,16,800,4.1,0.0,0.0,63.0,5.3,354.0,-1.0,-1.0
369,16,900,3.9,0.0,0.0,63.0,3.7,343.0,-1.0,-1.0
370,16,1000,3.5,0.0,0.0,61.0,4.8,348.0,-1.0,-1.0
371,16,1100,3.4,0.0,0.0,63.0,4.8,360.0,-1.0,-1.0
372,16,1200,3.1,0.0,0.0,61.0,4.8,332.0,-1.0,-1.0
373,16,1300,2.9,0.0,0.0,62.0,4.7,334.0,-1.0,-1.0
374,16,1400,2.8,0.0,0.0,64.0,6.0,342.0,-1.0,-1.0
375,16,1500,2.5,0.0,0.0,73.0,5.8,339.0,-1.0,-1.0
376,16,1600,2.4,0.0,3.0,69.0,5.4,337.0,-1.0,-1.0
377,16,1700,3.1,0.0,0.0,65.0,5.5,358.0,-1.0,-1.0
378,16,1800,3.2,0.0,0.0,69.0,5.0,336.0,-1.0,-1.0
379,16,1900,2.5,0.1,2.0,81.0,6.3,331.0,-1.0,-1.0
380,16,2000,3.0,0.2,2.0,83.0,5.1,5.0,-1.0,-1.0
381,16,2100,2.5,0.5,2.0,85.0,6.1,348.0,-1.0,-1.0
382,16,2200,2.8,0.8,2.0,85.0,7.0,357.0,-1.0,-1.0
383,16,2300,2.9,0.0,2.0,77.0,6.5,353.0,-1.0,-1.0
384,17,0,3.0,0.1,0.0,77.0,7.0,337.0,-1.0,-1.0
385,17,100,3.5,0.2,0.0,58.0,6.4,312.0,-1.0,-1.0
386,17,200,3.0,0.0,3.0,69.0,4.4,307.0,-1.0,-1.0
387,17,300,3.5,0.0,2.0,67.0,5.4,319.0,-1.0,-1.0
388,17,400,2.9,0.0,0.0,68.0,5.7,333.0,-1.0,-1.0
389,17,500,3.1,0.0,3.0,69.0,4.9,3.0,-1.0,-1.0
390,17,600,2.9,0.0,3.0,67.0,5.0,334.0,-1.0,-1.0
391,17,700,2.1,0.0,3.0,76.0,4.4,351.0,-1.0,-1.0
392,17,800,2.1,0.0,3.0,74.0,3.5,308.0,-1.0,-1.0
393,17,900,1.9,0.0,3.0,78.0,3.8,327.0,-1.0,-1.0
394,17,1000,2.2,0.1,3.0,78.0,2.2,350.0,-1.0,-1.0
395,17,1100,2.4,0.0,0.0,74.0,2.0,182.0,-1.0,-1.0
396,17,1200,3.7,0.0,0.0,56.0,3.7,295.0,-1.0,-1.0
397,17,1300,4.1,0.0,0.0,50.0,3.9,293.0,-1.0,-1.0
398,17,1400,4.3,0.0,0.0,56.0,3.9,299.0,-1.0,-1.0
399,17,1500,4.3,0.0,0.0,57.0,3.7,274.0,-1.0,-1.0
400,17,1600,3.7,0.0,0.0,66.0,2.7,203.0,-1.0,-1.0
401,17,1700,3.3,0.0,0.0,69.0,3.1,180.0,-1.0,-1.0
402,17,1800,4.5,0.0,0.0,66.0,3.8,240.0,-1.0,-1.0
403,17,1900,5.9,0.0,0.0,52.0,4.9,256.0,-1.0,-1.0
404,17,2000,6.0,0.0,0.0,46.0,6.1,259.0,-1.0,-1.0
405,17,2100,5.6,0.0,0.0,52.0,3.8,229.0,-1.0,-1.0
406,17,2200,6.1,0.0,0.0,56.0,4.8,239.0,-1.0,-1.0
407,17,2300,6.9,0.0,0.0,47.0,6.2,246.0,-1.0,-1.0
408,18,0,8.0,0.0,0.0,46.0,7.6,259.0,-1.0,-1.0
409,18,100,8.7,0.0,0.0,46.0,8.0,268.0,-1.0,-1.0
410,18,200,8.1,0.0,0.0,49.0,8.1,278.0,-1.0,-1.0
411,18,300,9.1,0.0,0.0,41.0,6.0,267.0,-1.0,-1.0
412,18,400,9.5,0.0,0.0,44.0,8.0,273.0,-1.0,-1.0
413,18,500,9.2,0.0,0.0,44.0,7.9,283.0,-1.0,-1.0
414,18,600,9.1,0.0,0.0,43.0,7.1,291.0,-1.0,-1.0
415,18,700,8.6,0.0,0.0,45.0,7.8,299.0,-1.0,-1.0
416,18,800,8.3,0.0,0.0,47.0,6.1,310.0,-1.0,-1.0
417,18,900,8.1,0.0,0.0,48.0,6.5,319.0,-1.0,-1.0
418,18,1000,7.2,0.0,0.0,41.0,6.3,311.0,-1.0,-1.0
419,18,1100,6.4,0.0,0.0,51.0,6.4,310.0,-1.0,-1.0
420,18,1200,5.9,0.0,0.0,49.0,5.8,311.0,-1.0,-1.0
421,18,1300,5.1,0.0,0.0,55.0,4.3,337.0,-1.0,-1.0
422,18,1400,4.5,0.0,0.0,53.0,4.8,315.0,-1.0,-1.0
423,18,1500,4.2,0.0,0.0,53.0,3.9,338.0,-1.0,-1.0
424,18,1600,3.8,0.0,0.0,53.0,4.1,340.0,-1.0,-1.0
425,18,1700,3.2,0.0,0.0,57.0,2.3,315.0,-1.0,-1.0
426,18,1800,3.1,0.0,0.0,57.0,3.5,7.0,-1.0,-1.0
427,18,1900,2.8,0.0,0.0,62.0,3.5,9.0,-1.0,-1.0
428,18,2000,2.4,0.0,0.0,62.0,2.2,17.0,-1.0,-1.0
429,18,2100,2.4,0.0,0.0,62.0,2.2,0.0,-1.0,-1.0
430,18,2200,2.1,0.0,0.0,56.0,2.2,6.0,-1.0,-1.0
431,18,2300,2.8,0.0,0.0,56.0,2.4,352.0,-1.0,-1.0
432,19,0,4.4,0.0,0.0,49.0,1.7,329.0,-1.0,-1.0
433,19,100,4.8,0.0,0.0,47.0,2.1,319.0,-1.0,-1.0
434,19,200,5.6,0.0,0.0,45.0,2.8,345.0,-1.0,-1.0
435,19,300,5.4,0.0,0.0,40.0,2.6,341.0,-1.0,-1.0
436,19,400,6.0,0.0,0.0,40.0,2.8,4.0,-1.0,-1.0
437,19,500,5.7,0.0,0.0,39.0,2.5,32.0,-1.0,-1.0
438,19,600,5.5,0.0,0.0,40.0,2.3,47.0,-1.0,-1.0
439,19,700,5.1,0.0,0.0,43.0,2.4,27.0,-1.0,-1.0
440,19,800,4.6,0.0,0.0,43.0,1.1,122.0,-1.0,-1.0
441,19,900,4.2,0.0,0.0,47.0,1.2,170.0,-1.0,-1.0
442,19,1000,3.5,0.0,0.0,49.0,2.0,160.0,-1.0,-1.0
443,19,1100,3.4,0.0,0.0,54.0,1.8,159.0,-1.0,-1.0
444,19,1200,3.4,0.0,0.0,63.0,1.3,174.0,-1.0,-1.0
445,19,1300,4.1,0.0,0.0,68.0,1.1,152.0,-1.0,-1.0
446,19,1400,4.3,0.0,0.0,66.0,1.3,154.0,-1.0,-1.0
447,19,1500,4.4,0.0,0.0,64.0,2.1,151.0,-1.0,-1.0
448,19,1600,4.1,0.0,0.0,66.0,1.2,170.0,-1.0,-1.0
449,19,1700,4.7,0.0,0.0,65.0,2.0,144.0,-1.0,-1.0
450,19,1800,4.5,0.0,0.0,68.0,1.2,154.0,-1.0,-1.0
451,19,1900,3.9,0.0,0.0,71.0,1.9,172.0,-1.0,-1.0
452,19,2000,4.0,0.0,0.0,63.0,2.6,171.0,-1.0,-1.0
453,19,2100,4.5,0.0,0.0,55.0,2.1,170.0,-1.0,-1.0
454,19,2200,4.2,0.0,0.0,57.0,1.5,175.0,-1.0,-1.0
455,19,2300,6.5,0.0,0.0,62.0,0.7,113.0,-1.0,-1.0
456,20,0,10.7,0.0,0.0,54.0,2.8,87.0,-1.0,-1.0
457,20,100,12.4,0.0,0.0,48.0,3.7,109.0,-1.0,-1.0
458,20,200,13.9,0.0,0.0,47.0,2.9,119.0,-1.0,-1.0
459,20,300,15.1,0.0,0.0,40.0,3.0,109.0,-1.0,-1.0
460,20,400,15.5,0.0,0.0,43.0,4.5,271.0,-1.0,-1.0
461,20,500,15.0,0.0,0.0,45.0,2.4,278.0,-1.0,-1.0
462,20,600,13.7,0.0,0.0,55.0,2.4,285.0,-1.0,-1.0
463,20,700,13.1,0.0,0.0,55.0,1.8,239.0,-1.0,-1.0
464,20,800,12.7,0.0,0.0,54.0,1.6,190.0,-1.0,-1.0
465,20,900,11.7,0.0,0.0,59.0,2.0,163.0,-1.0,-1.0
466,20,1000,10.9,0.0,0.0,66.0,1.9,160.0,-1.0,-1.0
467,20,1100,10.3,0.0,0.0,69.0,2.0,156.0,-1.0,-1.0
468,20,1200,9.1,0.0,0.0,68.0,0.9,195.0,-1.0,-1.0
469,20,1300,8.3,0.0,0.0,62.0,1.7,170.0,-1.0,-1.0
470,20,1400,8.0,0.0,0.0,62.0,1.7,170.0,-1.0,-1.0
471,20,1500,7.9,0.0,0.0,65.0,2.3,149.0,-1.0,-1.0
472,20,1600,7.8,0.0,0.0,67.0,1.4,164.0,-1.0,-1.0
473,20,1700,7.8,0.0,0.0,69.0,2.4,156.0,-1.0,-1.0
474,20,1800,8.1,0.0,0.0,67.0,2.4,145.0,-1.0,-1.0
475,20,1900,7.9,0.0,0.0,66.0,2.1,161.0,-1.0,-1.0
476,20,2000,8.2,0.0,0.0,66.0,2.3,151.0,-1.0,-1.0
477,20,2100,8.3,0.0,0.0,68.0,2.1,162.0,-1.0,-1.0
478,20,2200,8.6,0.0,0.0,69.0,1.8,161.0,-1.0,-1.0
479,20,2300,10.6,0.0,0.0,63.0,0.4,255.0,-1.0,-1.0
480,21,0,14.6,0.0,0.0,58.0,1.2,254.0,-1.0,-1.0
481,21,100,14.9,0.0,0.0,50.0,1.8,251.0,-1.0,-1.0
482,21,200,17.6,0.0,0.0,47.0,1.9,275.0,-1.0,-1.0
483,21,300,15.7,0.0,0.0,58.0,1.7,14.0,-1.0,-1.0
484,21,400,16.299999,0.0,0.0,59.0,2.4,326.0,-1.0,-1.0
485,21,500,17.4,0.0,0.0,52.0,1.9,236.0,-1.0,-1.0
486,21,600,16.5,0.0,0.0,56.0,1.4,242.0,-1.0,-1.0
487,21,700,16.0,0.0,1.0,67.0,2.2,238.0,-1.0,-1.0
488,21,800,14.5,0.0,1.0,68.0,1.6,187.0,-1.0,-1.0
489,21,900,13.4,0.0,1.0,74.0,1.6,189.0,-1.0,-1.0
490,21,1000,13.0,0.1,1.0,81.0,0.9,180.0,-1.0,-1.0
491,21,1100,12.7,0.4,1.0,86.0,1.3,161.0,-1.0,-1.0
492,21,1200,13.0,0.0,0.0,82.0,1.0,197.0,-1.0,-1.0
493,21,1300,13.1,0.0,0.0,83.0,0.7,355.0,-1.0,-1.0
494,21,1400,13.1,0.0,1.0,86.0,0.7,198.0,-1.0,-1.0
495,21,1500,13.5,0.0,1.0,82.0,1.6,154.0,-1.0,-1.0
496,21,1600,14.4,0.0,1.0,89.0,3.3,242.0,-1.0,-1.0
497,21,1700,14.1,0.2,1.0,93.0,3.1,248.0,-1.0,-1.0
498,21,1800,13.7,1.6,1.0,95.0,3.0,250.0,-1.0,-1.0
499,21,1900,13.1,2.3,1.0,96.0,2.2,279.0,-1.0,-1.0
500,21,2000,12.7,0.4,1.0,96.0,2.7,270.0,-1.0,-1.0
501,21,2100,12.5,0.1,1.0,96.0,2.1,295.0,-1.0,-1.0
502,21,2200,12.4,0.0,1.0,94.0,2.0,290.0,-1.0,-1.0
503,21,2300,12.5,0.0,0.0,93.0,1.7,310.0,-1.0,-1.0
504,22,0,13.0,0.0,0.0,90.0,0.5,264.0,-1.0,-1.0
505,22,100,13.3,0.0,0.0,87.0,0.3,226.0,-1.0,-1.0
506,22,200,13.1,0.0,1.0,89.0,1.1,203.0,-1.0,-1.0
507,22,300,13.0,0.2,1.0,89.0,0.5,243.0,-1.0,-1.0
508,22,400,13.4,0.1,1.0,86.0,1.2,334.0,-1.0,-1.0
509,22,500,13.2,0.0,1.0,89.0,1.7,10.0,-1.0,-1.0
510,22,600,12.5,0.4,1.0,92.0,1.9,17.0,-1.0,-1.0
511,22,700,12.2,0.7,1.0,93.0,1.9,355.0,-1.0,-1.0
512,22,800,12.1,0.9,1.0,93.0,2.4,18.0,-1.0,-1.0
513,22,900,12.0,0.2,1.0,91.0,2.0,24.0,-1.0,-1.0
514,22,1000,12.1,0.1,1.0,91.0,2.2,27.0,-1.0,-1.0
515,22,1100,12.0,0.1,1.0,90.0,0.7,170.0,-1.0,-1.0
516,22,1200,11.9,0.7,1.0,93.0,0.3,219.0,-1.0,-1.0
517,22,1300,11.6,0.0,1.0,91.0,1.0,166.0,-1.0,-1.0
518,22,1400,11.5,0.6,1.0,92.0,0.6,200.0,-1.0,-1.0
519,22,1500,11.8,0.4,1.0,91.0,1.4,152.0,-1.0,-1.0
520,22,1600,11.8,0.2,1.0,92.0,1.3,123.0,-1.0,-1.0
521,22,1700,11.9,0.5,1.0,93.0,0.4,208.0,-1.0,-1.0
522,22,1800,12.0,1.5,1.0,94.0,1.2,127.0,-1.0,-1.0
523,22,1900,12.5,1.2,1.0,95.0,3.0,48.0,-1.0,-1.0
524,22,2000,12.6,1.8,1.0,95.0,3.7,64.0,-1.0,-1.0
525,22,2100,12.6,1.9,1.0,94.0,4.1,60.0,-1.0,-1.0
526,22,2200,12.9,1.1,1.0,94.0,4.9,60.0,-1.0,-1.0
527,22,2300,13.0,3.8,1.0,95.0,3.1,55.0,-1.0,-1.0
528,23,0,12.9,3.0,1.0,96.0,3.4,60.0,-1.0,-1.0
529,23,100,12.8,3.5,1.0,96.0,4.3,60.0,-1.0,-1.0
530,23,200,12.9,2.3,1.0,94.0,5.2,66.0,-1.0,-1.0
531,23,300,13.2,3.0,1.0,95.0,3.2,78.0,-1.0,-1.0
532,23,400,13.1,1.1,1.0,93.0,4.1,74.0,-1.0,-1.0
533,23,500,13.3,0.7,1.0,92.0,4.8,63.0,-1.0,-1.0
534,23,600,13.2,5.3,1.0,94.0,4.9,65.0,-1.0,-1.0
535,23,700,12.8,7.5,1.0,93.0,6.7,62.0,-1.0,-1.0
536,23,800,12.3,7.9,1.0,89.0,4.3,80.0,-1.0,-1.0
537,23,900,12.3,4.4,1.0,87.0,4.5,75.0,-1.0,-1.0
538,23,1000,12.6,3.5,1.0,79.0,5.6,68.0,-1.0,-1.0
539,23,1100,11.9,1.9,1.0,83.0,6.0,70.0,-1.0,-1.0
540,23,1200,12.0,0.5,1.0,80.0,5.4,64.0,-1.0,-1.0
541,23,1300,11.6,0.0,1.0,83.0,6.3,56.0,-1.0,-1.0
542,23,1400,11.3,0.4,1.0,77.0,5.9,55.0,-1.0,-1.0
543,23,1500,11.4,0.0,1.0,76.0,6.4,50.0,-1.0,-1.0
544,23,1600,11.0,0.1,1.0,75.0,5.2,64.0,-1.0,-1.0
545,23,1700,11.3,0.1,0.0,71.0,6.0,59.0,-1.0,-1.0
546,23,1800,10.9,0.0,0.0,72.0,3.5,66.0,-1.0,-1.0
547,23,1900,10.4,0.0,0.0,75.0,2.0,106.0,-1.0,-1.0
548,23,2000,11.1,0.0,0.0,70.0,6.2,40.0,-1.0,-1.0
549,23,2100,10.8,0.0,0.0,70.0,4.0,50.0,-1.0,-1.0
550,23,2200,10.5,0.0,0.0,71.0,2.8,82.0,-1.0,-1.0
551,23,2300,11.4,0.0,0.0,67.0,4.5,65.0,-1.0,-1.0
552,24,0,12.1,0.0,0.0,66.0,3.7,62.0,-1.0,-1.0
553,24,100,13.1,0.0,0.0,60.0,4.1,54.0,-1.0,-1.0
554,24,200,12.8,0.0,0.0,62.0,4.5,61.0,-1.0,-1.0
555,24,300,13.1,0.0,0.0,59.0,5.0,53.0,-1.0,-1.0
556,24,400,12.4,0.0,0.0,58.0,5.0,56.0,-1.0,-1.0
557,24,500,13.2,0.0,0.0,55.0,4.0,53.0,-1.0,-1.0
558,24,600,12.5,0.0,0.0,58.0,4.0,62.0,-1.0,-1.0
559,24,700,12.0,0.0,0.0,61.0,2.7,62.0,-1.0,-1.0
560,24,800,11.3,0.0,0.0,61.0,2.9,78.0,-1.0,-1.0
561,24,900,10.9,0.0,0.0,62.0,2.1,87.0,-1.0,-1.0
562,24,1000,11.6,0.0,0.0,61.0,3.7,75.0,-1.0,-1.0
563,24,1100,11.4,0.0,0.0,61.0,2.5,82.0,-1.0,-1.0
564,24,1200,11.7,0.0,0.0,64.0,2.5,97.0,-1.0,-1.0
565,24,1300,11.8,0.0,0.0,60.0,2.5,87.0,-1.0,-1.0
566,24,1400,11.7,0.0,0.0,60.0,2.5,88.0,-1.0,-1.0
567,24,1500,11.9,0.0,0.0,62.0,3.3,71.0,-1.0,-1.0
568,24,1600,11.8,0.0,0.0,62.0,3.3,76.0,-1.0,-1.0
569,24,1700,11.6,0.0,0.0,64.0,3.9,71.0,-1.0,-1.0
570,24,1800,11.5,0.0,0.0,66.0,2.3,87.0,-1.0,-1.0
571,24,1900,11.5,0.0,0.0,73.0,4.2,67.0,-1.0,-1.0
572,24,2000,11.4,0.0,0.0,71.0,3.0,90.0,-1.0,-1.0
573,24,2100,11.4,0.0,0.0,67.0,2.8,84.0,-1.0,-1.0
574,24,2200,11.5,0.0,0.0,66.0,3.7,75.0,-1.0,-1.0
575,24,2300,11.9,0.0,0.0,66.0,3.0,82.0,-1.0,-1.0
576,25,0,12.6,0.0,0.0,61.0,4.2,82.0,-1.0,-1.0
577,25,100,12.9,0.0,0.0,62.0,4.3,73.0,-1.0,-1.0
578,25,200,13.9,0.0,0.0,63.0,5.1,82.0,-1.0,-1.0
579,25,300,14.5,0.0,0.0,58.0,5.0,81.0,-1.0,-1.0
580,25,400,14.5,0.0,0.0,57.0,5.3,72.0,-1.0,-1.0
581,25,500,14.4,0.0,0.0,61.0,4.1,75.0,-1.0,-1.0
582,25,600,13.7,0.0,0.0,62.0,5.2,81.0,-1.0,-1.0
583,25,700,13.3,0.0,0.0,66.0,3.2,81.0,-1.0,-1.0
584,25,800,12.7,0.0,0.0,69.0,2.1,89.0,-1.0,-1.0
585,25,900,12.6,0.0,0.0,70.0,2.0,77.0,-1.0,-1.0
586,25,1000,12.6,0.0,0.0,71.0,2.1,80.0,-1.0,-1.0
587,25,1100,12.5,0.0,0.0,73.0,2.8,79.0,-1.0,-1.0
588,25,1200,12.3,0.0,0.0,74.0,2.1,81.0,-1.0,-1.0
589,25,1300,12.5,0.0,0.0,74.0,3.0,75.0,-1.0,-1.0
590,25,1400,12.7,0.0,0.0,75.0,2.8,80.0,-1.0,-1.0
591,25,1500,11.9,0.0,1.0,85.0,2.8,98.0,-1.0,-1.0
592,25,1600,12.4,0.0,1.0,84.0,3.4,104.0,-1.0,-1.0
593,25,1700,12.4,0.0,1.0,84.0,2.6,65.0,-1.0,-1.0
594,25,1800,12.5,0.1,1.0,84.0,2.8,97.0,-1.0,-1.0
595,25,1900,11.7,1.0,1.0,91.0,1.7,83.0,-1.0,-1.0
596,25,2000,11.7,1.0,0.0,92.0,2.6,69.0,-1.0,-1.0
597,25,2100,11.8,0.1,1.0,93.0,2.2,83.0,-1.0,-1.0
598,25,2200,12.0,0.8,1.0,94.0,1.2,45.0,-1.0,-1.0
599,25,2300,10.8,4.4,1.0,95.0,7.4,31.0,-1.0,-1.0
600,26,0,10.6,3.4,1.0,95.0,4.4,34.0,-1.0,-1.0
601,26,100,10.3,5.5,1.0,95.0,4.4,29.0,-1.0,-1.0
602,26,200,10.2,0.8,0.0,93.0,4.1,28.0,-1.0,-1.0
603,26,300,9.9,1.7,1.0,94.0,3.0,11.0,-1.0,-1.0
604,26,400,10.0,0.9,0.0,92.0,0.6,202.0,-1.0,-1.0
605,26,500,10.0,0.0,0.0,87.0,3.0,332.0,-1.0,-1.0
606,26,600,9.9,0.0,1.0,82.0,2.3,319.0,-1.0,-1.0
607,26,700,9.9,0.0,0.0,77.0,2.4,342.0,-1.0,-1.0
608,26,800,10.0,0.0,0.0,75.0,4.6,10.0,-1.0,-1.0
609,26,900,9.8,0.0,0.0,75.0,4.6,354.0,-1.0,-1.0
610,26,1000,9.5,0.0,0.0,75.0,5.1,359.0,-1.0,-1.0
611,26,1100,9.7,0.0,0.0,76.0,4.2,5.0,-1.0,-1.0
612,26,1200,9.4,0.0,0.0,73.0,4.8,5.0,-1.0,-1.0
613,26,1300,9.2,0.0,0.0,75.0,2.2,346.0,-1.0,-1.0
614,26,1400,8.6,0.0,0.0,72.0,3.9,311.0,-1.0,-1.0
615,26,1500,8.4,0.0,0.0,72.0,4.4,303.0,-1.0,-1.0
616,26,1600,7.8,0.0,0.0,70.0,3.5,324.0,-1.0,-1.0
617,26,1700,7.2,0.0,0.0,69.0,1.8,326.0,-1.0,-1.0
618,26,1800,6.8,0.0,0.0,72.0,1.6,290.0,-1.0,-1.0
619,26,1900,7.0,0.0,0.0,63.0,3.2,10.0,-1.0,-1.0
620,26,2000,6.5,0.0,0.0,64.0,2.7,347.0,-1.0,-1.0
621,26,2100,6.4,0.0,0.0,63.0,2.3,347.0,-1.0,-1.0
622,26,2200,6.4,0.0,0.0,63.0,1.0,30.0,-1.0,-1.0
623,26,2300,7.1,0.0,0.0,55.0,1.3,307.0,-1.0,-1.0
624,27,0,8.9,0.0,0.0,44.0,2.3,50.0,-1.0,-1.0
625,27,100,9.0,0.0,0.0,42.0,2.2,14.0,-1.0,-1.0
626,27,200,9.0,0.0,0.0,40.0,2.8,16.0,-1.0,-1.0
627,27,300,9.2,0.0,0.0,41.0,2.6,13.0,-1.0,-1.0
628,27,400,9.4,0.0,0.0,43.0,3.0,15.0,-1.0,-1.0
629,27,500,9.0,0.0,0.0,46.0,3.2,2.0,-1.0,-1.0
630,27,600,8.9,0.0,0.0,43.0,2.5,18.0,-1.0,-1.0
631,27,700,8.4,0.0,0.0,42.0,1.9,30.0,-1.0,-1.0
632,27,800,7.9,0.0,0.0,42.0,0.8,164.0,-1.0,-1.0
633,27,900,7.0,0.0,0.0,54.0,1.7,173.0,-1.0,-1.0
634,27,1000,6.5,0.0,0.0,55.0,2.8,173.0,-1.0,-1.0
635,27,1100,6.2,0.0,0.0,54.0,1.5,167.0,-1.0,-1.0
636,27,1200,6.0,0.0,0.0,50.0,1.4,173.0,-1.0,-1.0
637,27,1300,6.5,0.0,0.0,50.0,1.3,170.0,-1.0,-1.0
638,27,1400,6.8,0.0,0.0,51.0,1.2,160.0,-1.0,-1.0
639,27,1500,6.8,0.0,0.0,55.0,1.2,164.0,-1.0,-1.0
640,27,1600,6.5,0.0,0.0,54.0,2.0,179.0,-1.0,-1.0
641,27,1700,7.1,0.0,0.0,54.0,1.5,187.0,-1.0,-1.0
642,27,1800,6.5,0.0,0.0,58.0,2.2,173.0,-1.0,-1.0
643,27,1900,6.9,0.0,0.0,63.0,2.6,209.0,-1.0,-1.0
644,27,2000,7.2,0.0,0.0,73.0,2.9,234.0,-1.0,-1.0
645,27,2100,7.8,0.0,0.0,72.0,2.5,226.0,-1.0,-1.0
646,27,2200,8.0,0.0,0.0,68.0,4.8,272.0,-1.0,-1.0
647,27,2300,8.0,0.0,0.0,64.0,4.6,270.0,-1.0,-1.0
648,28,0,9.2,0.0,0.0,56.0,5.6,271.0,-1.0,-1.0
649,28,100,10.0,0.0,0.0,54.0,6.0,283.0,-1.0,-1.0
650,28,200,10.2,0.0,0.0,52.0,7.5,280.0,-1.0,-1.0
651,28,300,9.9,0.0,0.0,58.0,6.1,278.0,-1.0,-1.0
652,28,400,8.9,0.0,0.0,65.0,8.6,311.0,-1.0,-1.0
653,28,500,7.9,0.0,0.0,50.0,9.2,308.0,-1.0,-1.0
654,28,600,6.7,0.0,0.0,51.0,9.8,308.0,-1.0,-1.0
655,28,700,5.5,0.0,0.0,55.0,10.6,305.0,-1.0,-1.0
656,28,800,4.7,0.0,2.0,56.0,8.9,300.0,-1.0,-1.0
657,28,900,3.8,0.0,0.0,58.0,9.8,312.0,-1.0,-1.0
658,28,1000,3.8,0.0,0.0,54.0,10.9,320.0,-1.0,-1.0
659,28,1100,2.8,0.0,0.0,47.0,9.1,304.0,-1.0,-1.0
660,28,1200,2.8,0.0,3.0,61.0,9.4,312.0,-1.0,-1.0
661,28,1300,1.6,0.0,3.0,77.0,6.9,304.0,-1.0,-1.0
662,28,1400,0.7,0.5,3.0,81.0,8.3,317.0,-1.0,-1.0
663,28,1500,0.8,0.2,3.0,80.0,7.9,328.0,-1.0,-1.0
664,28,1600,1.4,0.0,0.0,66.0,7.6,320.0,-1.0,-1.0
665,28,1700,1.4,0.0,0.0,58.0,7.7,317.0,-1.0,-1.0
666,28,1800,1.4,0.0,0.0,61.0,7.6,319.0,-1.0,-1.0
667,28,1900,0.8,0.0,0.0,66.0,7.5,309.0,-1.0,-1.0
668,28,2000,1.2,0.0,0.0,53.0,7.6,304.0,-1.0,-1.0
669,28,2100,1.4,0.0,0.0,61.0,7.1,313.0,-1.0,-1.0
670,28,2200,1.0,0.0,3.0,67.0,5.8,309.0,-1.0,-1.0
671,28,2300,1.2,0.0,0.0,62.0,5.9,319.0,-1.0,-1.0
672,29,0,1.8,0.0,0.0,56.0,5.5,323.0,-1.0,-1.0
673,29,100,3.0,0.0,0.0,54.0,4.7,337.0,-1.0,-1.0
674,29,200,3.3,0.0,0.0,57.0,4.7,310.0,-1.0,-1.0
675,29,300,3.9,0.0,0.0,48.0,5.6,315.0,-1.0,-1.0
676,29,400,4.7,0.0,0.0,51.0,4.9,325.0,-1.0,-1.0
677,29,500,3.9,0.0,0.0,53.0,5.0,312.0,-1.0,-1.0
678,29,600,5.0,0.0,0.0,55.0,3.9,325.0,-1.0,-1.0
679,29,700,4.3,0.0,0.0,55.0,4.0,321.0,-1.0,-1.0
680,29,800,3.8,0.0,0.0,53.0,4.5,293.0,-1.0,-1.0
681,29,900,3.9,0.0,0.0,56.0,2.5,299.0,-1.0,-1.0
682,29,1000,3.9,0.0,0.0,54.0,3.4,288.0,-1.0,-1.0
683,29,1100,3.8,0.0,0.0,54.0,3.1,253.0,-1.0,-1.0
684,29,1200,2.7,0.0,0.0,57.0,2.7,200.0,-1.0,-1.0
685,29,1300,2.5,0.0,0.0,59.0,2.5,205.0,-1.0,-1.0
686,29,1400,2.2,0.0,0.0,61.0,2.6,185.0,-1.0,-1.0
687,29,1500,2.3,0.0,0.0,62.0,2.6,176.0,-1.0,-1.0
688,29,1600,2.6,0.0,0.0,60.0,2.8,176.0,-1.0,-1.0
689,29,1700,2.6,0.0,0.0,61.0,2.5,176.0,-1.0,-1.0
690,29,1800,3.9,0.0,0.0,60.0,3.8,206.0,-1.0,-1.0
691,29,1900,4.8,0.0,0.0,59.0,3.4,212.0,-1.0,-1.0
692,29,2000,5.3,0.0,0.0,57.0,3.6,207.0,-1.0,-1.0
693,29,2100,5.6,0.0,0.0,58.0,3.3,208.0,-1.0,-1.0
694,29,2200,5.7,0.0,0.0,57.0,4.1,210.0,-1.0,-1.0
695,29,2300,6.9,0.0,0.0,53.0,3.6,207.0,-1.0,-1.0
696,30,0,8.9,0.0,0.0,49.0,4.2,218.0,-1.0,-1.0
697,30,100,9.8,0.0,0.0,47.0,4.7,246.0,-1.0,-1.0
698,30,200,10.8,0.0,0.0,43.0,5.3,252.0,-1.0,-1.0
699,30,300,10.6,0.0,0.0,45.0,5.1,248.0,-1.0,-1.0
700,30,400,10.7,0.0,0.0,47.0,5.4,266.0,-1.0,-1.0
701,30,500,10.6,0.0,0.0,49.0,5.5,250.0,-1.0,-1.0
702,30,600,11.0,0.0,0.0,51.0,3.6,263.0,-1.0,-1.0
703,30,700,10.3,0.0,0.0,52.0,3.4,256.0,-1.0,-1.0
704,30,800,9.6,0.0,0.0,57.0,2.5,221.0,-1.0,-1.0
705,30,900,8.8,0.0,0.0,58.0,3.2,203.0,-1.0,-1.0
706,30,1000,8.8,0.0,0.0,58.0,3.4,189.0,-1.0,-1.0
707,30,1100,9.1,0.0,0.0,58.0,2.6,192.0,-1.0,-1.0
708,30,1200,9.0,0.0,0.0,57.0,2.7,179.0,-1.0,-1.0
709,30,1300,8.5,0.0,0.0,58.0,1.8,177.0,-1.0,-1.0
710,30,1400,7.3,0.0,0.0,60.0,2.5,163.0,-1.0,-1.0
711,30,1500,6.9,0.0,0.0,62.0,2.4,166.0,-1.0,-1.0
712,30,1600,6.3,0.0,0.0,64.0,2.5,174.0,-1.0,-1.0
713,30,1700,5.9,0.0,0.0,67.0,1.5,176.0,-1.0,-1.0
714,30,1800,6.5,0.0,0.0,66.0,1.5,142.0,-1.0,-1.0
715,30,1900,5.8,0.0,0.0,69.0,1.8,164.0,-1.0,-1.0
716,30,2000,5.8,0.0,0.0,70.0,2.0,150.0,-1.0,-1.0
717,30,2100,5.8,0.0,0.0,71.0,1.9,153.0,-1.0,-1.0
718,30,2200,6.3,0.0,0.0,70.0,2.4,157.0,-1.0,-1.0
719,30,2300,8.3,0.0,0.0,60.0,1.5,185.0,-1.0,-1.0
720,31,0,10.8,0.0,0.0,58.0,0.9,182.0,-1.0,-1.0
721,31,100,12.1,0.0,0.0,54.0,1.1,292.0,-1.0,-1.0
722,31,200,12.4,0.0,0.0,51.0,2.1,264.0,-1.0,-1.0
723,31,300,13.7,0.0,0.0,46.0,2.0,314.0,-1.0,-1.0
724,31,400,13.3,0.0,0.0,51.0,3.2,21.0,-1.0,-1.0
725,31,500,14.7,0.0,0.0,46.0,1.9,310.0,-1.0,-1.0
726,31,600,14.2,0.0,0.0,49.0,1.1,307.0,-1.0,-1.0
727,31,700,13.4,0.0,0.0,51.0,1.6,347.0,-1.0,-1.0
728,31,800,13.3,0.0,0.0,49.0,1.9,8.0,-1.0,-1.0
729,31,900,12.9,0.0,0.0,51.0,1.4,127.0,-1.0,-1.0
730,31,1000,13.0,0.0,0.0,54.0,0.9,258.0,-1.0,-1.0
731,31,1100,13.1,0.0,0.0,61.0,1.4,24.0,-1.0,-1.0
732,31,1200,13.3,0.0,0.0,62.0,1.1,253.0,-1.0,-1.0
733,31,1300,13.1,0.0,1.0,68.0,1.0,221.0,-1.0,-1.0
734,31,1400,12.9,0.0,1.0,79.0,1.3,193.0,-1.0,-1.0
735,31,1500,12.5,0.1,1.0,84.0,1.3,101.0,-1.0,-1.0
736,31,1600,15.2,0.1,1.0,74.0,5.5,208.0,-1.0,-1.0
737,31,1700,15.0,0.0,1.0,78.0,5.4,222.0,-1.0,-1.0
738,31,1800,14.9,0.5,1.0,81.0,5.3,227.0,-1.0,-1.0
739,31,1900,12.8,3.1,1.0,90.0,6.4,282.0,-1.0,-1.0
740,31,2000,12.1,4.7,1.0,95.0,4.2,241.0,-1.0,-1.0
741,31,2100,11.9,3.9,1.0,95.0,2.5,242.0,-1.0,-1.0
742,31,2200,11.9,1.9,1.0,94.0,3.9,249.0,-1.0,-1.0
743,31,2300,12.0,1.8,1.0,93.0,4.1,246.0,-1.0,-1.0
