,Year,Month, format: day,hour,기온,강수,강수형태,습도,풍속,풍향,하늘상태,뇌전
0,2021,01,1,0,5.0,0.0,0.0,49.0,2.9,323.0,-1.0,-1.0
1,2021,01,1,100,5.5,0.0,0.0,51.0,3.0,286.0,-1.0,-1.0
2,2021,01,1,200,5.5,0.0,0.0,50.0,3.0,255.0,-1.0,-1.0
3,2021,01,1,300,6.0,0.0,0.0,54.0,3.7,303.0,-1.0,-1.0
4,2021,01,1,400,5.9,0.0,0.0,54.0,3.7,295.0,-1.0,-1.0
5,2021,01,1,500,6.1,0.0,0.0,53.0,3.1,311.0,-1.0,-1.0
6,2021,01,1,600,6.0,0.0,0.0,55.0,4.1,313.0,-1.0,-1.0
7,2021,01,1,700,6.0,0.0,0.0,55.0,3.3,282.0,-1.0,-1.0
8,2021,01,1,800,6.0,0.0,0.0,56.0,3.1,305.0,-1.0,-1.0
9,2021,01,1,900,6.2,0.0,0.0,56.0,3.4,297.0,-1.0,-1.0
10,2021,01,1,1000,6.2,0.0,0.0,55.0,2.1,237.0,-1.0,-1.0
11,2021,01,1,1100,5.5,0.0,0.0,62.0,1.8,192.0,-1.0,-1.0
12,2021,01,1,1200,6.6,0.0,0.0,56.0,3.1,293.0,-1.0,-1.0
13,2021,01,1,1300,6.8,0.0,0.0,59.0,3.7,299.0,-1.0,-1.0
14,2021,01,1,1400,7.3,0.0,0.0,52.0,4.1,278.0,-1.0,-1.0
15,2021,01,1,1500,6.9,0.0,0.0,52.0,3.8,266.0,-1.0,-1.0
16,2021,01,1,1600,7.0,0.0,0.0,51.0,4.6,277.0,-1.0,-1.0
17,2021,01,1,1700,6.9,0.0,0.0,53.0,4.6,298.0,-1.0,-1.0
18,2021,01,1,1800,6.7,0.0,0.0,53.0,4.3,277.0,-1.0,-1.0
19,2021,01,1,1900,6.8,0.0,0.0,52.0,5.4,298.0,-1.0,-1.0
20,2021,01,1,2000,6.8,0.0,0.0,52.0,5.8,307.0,-1.0,-1.0
21,2021,01,1,2100,6.8,0.0,0.0,52.0,5.5,299.0,-1.0,-1.0
22,2021,01,1,2200,7.1,0.0,0.0,49.0,3.9,288.0,-1.0,-1.0
23,2021,01,1,2300,7.2,0.0,0.0,50.0,4.8,304.0,-1.0,-1.0
24,2021,01,2,0,7.6,0.0,0.0,51.0,3.3,269.0,-1.0,-1.0
25,2021,01,2,100,7.5,0.0,0.0,64.0,5.3,343.0,-1.0,-1.0
26,2021,01,2,200,6.9,0.0,0.0,67.0,5.7,335.0,-1.0,-1.0
27,2021,01,2,300,7.9,0.0,0.0,64.0,4.9,346.0,-1.0,-1.0
28,2021,01,2,400,6.8,0.0,0.0,65.0,4.3,359.0,-1.0,-1.0
29,2021,01,2,500,6.9,0.0,0.0,56.0,3.5,333.0,-1.0,-1.0
30,2021,01,2,600,6.8,0.0,0.0,54.0,3.9,315.0,-1.0,-1.0
31,2021,01,2,700,5.5,0.0,0.0,63.0,4.0,354.0,-1.0,-1.0
32,2021,01,2,800,4.8,0.0,0.0,61.0,3.8,351.0,-1.0,-1.0
33,2021,01,2,900,4.2,0.0,0.0,57.0,4.0,357.0,-1.0,-1.0
34,2021,01,2,1000,3.8,0.0,0.0,55.0,4.1,10.0,-1.0,-1.0
35,2021,01,2,1100,3.7,0.0,0.0,57.0,1.9,18.0,-1.0,-1.0
36,2021,01,2,1200,3.5,0.0,0.0,54.0,2.9,26.0,-1.0,-1.0
37,2021,01,2,1300,2.8,0.0,0.0,59.0,3.2,10.0,-1.0,-1.0
38,2021,01,2,1400,2.9,0.0,0.0,59.0,2.3,18.0,-1.0,-1.0
39,2021,01,2,1500,3.0,0.0,0.0,61.0,1.7,13.0,-1.0,-1.0
40,2021,01,2,1600,3.3,0.0,0.0,62.0,2.3,23.0,-1.0,-1.0
41,2021,01,2,1700,3.3,0.0,0.0,62.0,3.3,14.0,-1.0,-1.0
42,2021,01,2,1800,3.4,0.0,0.0,62.0,2.6,15.0,-1.0,-1.0
43,2021,01,2,1900,3.4,0.0,0.0,62.0,3.3,19.0,-1.0,-1.0
44,2021,01,2,2000,3.4,0.0,0.0,62.0,4.3,10.0,-1.0,-1.0
45,2021,01,2,2100,3.3,0.0,0.0,61.0,3.6,15.0,-1.0,-1.0
46,2021,01,2,2200,3.4,0.0,0.0,61.0,2.0,28.0,-1.0,-1.0
47,2021,01,2,2300,3.8,0.0,0.0,59.0,3.5,14.0,-1.0,-1.0
48,2021,01,3,0,4.2,0.0,0.0,57.0,4.2,23.0,-1.0,-1.0
49,2021,01,3,100,5.6,0.0,0.0,55.0,2.5,13.0,-1.0,-1.0
50,2021,01,3,200,5.3,0.0,0.0,53.0,2.9,3.0,-1.0,-1.0
51,2021,01,3,300,5.2,0.0,0.0,53.0,3.1,348.0,-1.0,-1.0
52,2021,01,3,400,5.2,0.0,0.0,54.0,2.2,300.0,-1.0,-1.0
53,2021,01,3,500,5.2,0.0,0.0,55.0,2.7,348.0,-1.0,-1.0
54,2021,01,3,600,5.0,0.0,0.0,57.0,1.7,338.0,-1.0,-1.0
55,2021,01,3,700,4.8,0.0,0.0,58.0,3.3,27.0,-1.0,-1.0
56,2021,01,3,800,4.7,0.0,0.0,57.0,1.1,93.0,-1.0,-1.0
57,2021,01,3,900,5.0,0.0,0.0,56.0,2.2,29.0,-1.0,-1.0
58,2021,01,3,1000,4.5,0.0,0.0,60.0,0.9,183.0,-1.0,-1.0
59,2021,01,3,1100,4.8,0.0,0.0,59.0,1.2,114.0,-1.0,-1.0
60,2021,01,3,1200,4.7,0.0,0.0,58.0,0.6,178.0,-1.0,-1.0
61,2021,01,3,1300,5.3,0.0,0.0,48.0,1.4,91.0,-1.0,-1.0
62,2021,01,3,1400,5.1,0.0,0.0,51.0,2.0,42.0,-1.0,-1.0
63,2021,01,3,1500,5.1,0.0,0.0,50.0,2.3,57.0,-1.0,-1.0
64,2021,01,3,1600,3.7,0.0,0.0,58.0,1.1,183.0,-1.0,-1.0
65,2021,01,3,1700,3.5,0.0,0.0,59.0,0.8,204.0,-1.0,-1.0
66,2021,01,3,1800,3.0,0.0,0.0,62.0,1.3,156.0,-1.0,-1.0
67,2021,01,3,1900,2.7,0.0,0.0,64.0,1.9,154.0,-1.0,-1.0
68,2021,01,3,2000,2.5,0.0,0.0,66.0,1.9,149.0,-1.0,-1.0
69,2021,01,3,2100,2.3,0.0,0.0,69.0,2.1,163.0,-1.0,-1.0
70,2021,01,3,2200,2.6,0.0,0.0,69.0,1.4,164.0,-1.0,-1.0
71,2021,01,3,2300,4.7,0.0,0.0,62.0,2.1,147.0,-1.0,-1.0
72,2021,01,4,0,8.2,0.0,0.0,50.0,1.1,89.0,-1.0,-1.0
73,2021,01,4,100,8.3,0.0,0.0,52.0,2.0,56.0,-1.0,-1.0
74,2021,01,4,200,7.7,0.0,0.0,52.0,3.6,35.0,-1.0,-1.0
75,2021,01,4,300,8.3,0.0,0.0,50.0,3.2,37.0,-1.0,-1.0
76,2021,01,4,400,8.2,0.0,0.0,52.0,2.1,30.0,-1.0,-1.0
77,2021,01,4,500,8.2,0.0,0.0,52.0,2.3,61.0,-1.0,-1.0
78,2021,01,4,600,8.0,0.0,0.0,52.0,2.0,88.0,-1.0,-1.0
79,2021,01,4,700,7.9,0.0,0.0,53.0,1.6,147.0,-1.0,-1.0
80,2021,01,4,800,7.7,0.0,0.0,54.0,1.7,153.0,-1.0,-1.0
81,2021,01,4,900,7.8,0.0,0.0,51.0,1.7,167.0,-1.0,-1.0
82,2021,01,4,1000,7.4,0.0,0.0,54.0,1.2,174.0,-1.0,-1.0
83,2021,01,4,1100,6.9,0.0,0.0,57.0,1.6,163.0,-1.0,-1.0
84,2021,01,4,1200,6.7,0.0,0.0,58.0,1.6,163.0,-1.0,-1.0
85,2021,01,4,1300,6.6,0.0,0.0,59.0,1.3,166.0,-1.0,-1.0
86,2021,01,4,1400,6.4,0.0,0.0,63.0,2.1,169.0,-1.0,-1.0
87,2021,01,4,1500,6.5,0.0,0.0,64.0,2.6,175.0,-1.0,-1.0
88,2021,01,4,1600,6.8,0.0,0.0,61.0,2.2,174.0,-1.0,-1.0
89,2021,01,4,1700,7.0,0.0,0.0,58.0,1.5,184.0,-1.0,-1.0
90,2021,01,4,1800,9.0,0.0,0.0,57.0,3.1,340.0,-1.0,-1.0
91,2021,01,4,1900,8.1,0.0,0.0,59.0,1.2,249.0,-1.0,-1.0
92,2021,01,4,2000,8.7,0.0,1.0,72.0,2.9,342.0,-1.0,-1.0
93,2021,01,4,2100,8.8,0.0,0.0,67.0,3.8,4.0,-1.0,-1.0
94,2021,01,4,2200,8.2,0.0,1.0,71.0,6.1,10.0,-1.0,-1.0
95,2021,01,4,2300,7.3,0.0,0.0,70.0,7.5,6.0,-1.0,-1.0
96,2021,01,5,0,7.0,0.0,0.0,65.0,6.2,3.0,-1.0,-1.0
97,2021,01,5,100,6.6,0.0,0.0,67.0,4.5,7.0,-1.0,-1.0
98,2021,01,5,200,6.5,0.0,0.0,60.0,4.8,1.0,-1.0,-1.0
99,2021,01,5,300,6.3,0.0,0.0,60.0,3.4,357.0,-1.0,-1.0
100,2021,01,5,400,5.6,0.0,0.0,64.0,4.4,5.0,-1.0,-1.0
101,2021,01,5,500,5.0,0.0,0.0,66.0,5.0,14.0,-1.0,-1.0
102,2021,01,5,600,4.5,0.0,0.0,62.0,4.2,12.0,-1.0,-1.0
103,2021,01,5,700,4.3,0.0,0.0,66.0,4.5,8.0,-1.0,-1.0
104,2021,01,5,800,3.6,0.0,0.0,63.0,3.5,349.0,-1.0,-1.0
105,2021,01,5,900,3.1,0.0,0.0,63.0,3.5,348.0,-1.0,-1.0
106,2021,01,5,1000,2.8,0.0,0.0,63.0,4.3,3.0,-1.0,-1.0
107,2021,01,5,1100,2.7,0.0,0.0,63.0,2.6,328.0,-1.0,-1.0
108,2021,01,5,1200,2.9,0.0,0.0,62.0,3.8,335.0,-1.0,-1.0
109,2021,01,5,1300,2.9,0.0,0.0,64.0,3.9,345.0,-1.0,-1.0
110,2021,01,5,1400,2.5,0.0,0.0,72.0,4.6,11.0,-1.0,-1.0
111,2021,01,5,1500,2.9,0.0,0.0,65.0,4.1,334.0,-1.0,-1.0
112,2021,01,5,1600,3.0,0.0,0.0,65.0,4.9,330.0,-1.0,-1.0
113,2021,01,5,1700,3.0,0.0,0.0,70.0,4.9,358.0,-1.0,-1.0
114,2021,01,5,1800,2.9,0.0,3.0,71.0,4.0,333.0,-1.0,-1.0
115,2021,01,5,1900,1.9,0.1,3.0,81.0,2.7,308.0,-1.0,-1.0
116,2021,01,5,2000,3.2,0.0,0.0,67.0,5.3,314.0,-1.0,-1.0
117,2021,01,5,2100,3.4,0.0,0.0,57.0,4.9,313.0,-1.0,-1.0
118,2021,01,5,2200,3.4,0.0,3.0,60.0,4.2,289.0,-1.0,-1.0
119,2021,01,5,2300,3.3,0.0,0.0,61.0,5.2,310.0,-1.0,-1.0
120,2021,01,6,0,3.5,0.0,3.0,59.0,4.8,306.0,-1.0,-1.0
121,2021,01,6,100,4.1,0.0,0.0,58.0,5.4,304.0,-1.0,-1.0
122,2021,01,6,200,3.7,0.0,0.0,64.0,5.5,314.0,-1.0,-1.0
123,2021,01,6,300,4.5,0.0,2.0,61.0,6.3,311.0,-1.0,-1.0
124,2021,01,6,400,5.1,0.0,0.0,48.0,3.6,294.0,-1.0,-1.0
125,2021,01,6,500,4.6,0.0,0.0,43.0,5.1,290.0,-1.0,-1.0
126,2021,01,6,600,4.1,0.0,0.0,46.0,5.1,297.0,-1.0,-1.0
127,2021,01,6,700,3.8,0.0,0.0,48.0,6.2,301.0,-1.0,-1.0
128,2021,01,6,800,4.0,0.0,0.0,49.0,5.1,302.0,-1.0,-1.0
129,2021,01,6,900,4.1,0.0,0.0,51.0,4.9,294.0,-1.0,-1.0
130,2021,01,6,1000,4.2,0.0,0.0,52.0,5.9,295.0,-1.0,-1.0
131,2021,01,6,1100,4.2,0.0,2.0,57.0,6.3,276.0,-1.0,-1.0
132,2021,01,6,1200,5.5,0.0,0.0,55.0,6.7,284.0,-1.0,-1.0
133,2021,01,6,1300,4.6,0.5,0.0,79.0,7.4,306.0,-1.0,-1.0
134,2021,01,6,1400,3.9,0.0,0.0,72.0,9.6,308.0,-1.0,-1.0
135,2021,01,6,1500,2.8,0.0,0.0,65.0,10.9,303.0,-1.0,-1.0
136,2021,01,6,1600,1.5,0.0,0.0,61.0,9.1,300.0,-1.0,-1.0
137,2021,01,6,1700,0.6,0.0,3.0,67.0,9.4,301.0,-1.0,-1.0
138,2021,01,6,1800,-0.2,0.0,3.0,79.0,9.8,308.0,-1.0,-1.0
139,2021,01,6,1900,0.0,0.1,0.0,63.0,10.2,311.0,-1.0,-1.0
140,2021,01,6,2000,-0.3,0.0,3.0,66.0,6.8,291.0,-1.0,-1.0
141,2021,01,6,2100,-0.3,0.3,3.0,83.0,7.2,307.0,-1.0,-1.0
142,2021,01,6,2200,-0.1,0.0,0.0,52.0,6.8,302.0,-1.0,-1.0
143,2021,01,6,2300,-2.1,0.7,3.0,90.0,7.7,316.0,-1.0,-1.0
144,2021,01,7,0,-1.5,1.0,3.0,86.0,8.1,335.0,-1.0,-1.0
145,2021,01,7,100,-1.4,0.4,3.0,86.0,7.4,356.0,-1.0,-1.0
146,2021,01,7,200,-1.0,0.1,3.0,76.0,7.7,336.0,-1.0,-1.0
147,2021,01,7,300,-2.1,0.1,3.0,84.0,6.4,321.0,-1.0,-1.0
148,2021,01,7,400,-1.4,0.1,3.0,80.0,5.4,318.0,-1.0,-1.0
149,2021,01,7,500,-2.9,0.3,3.0,87.0,5.8,331.0,-1.0,-1.0
150,2021,01,7,600,-1.7,0.4,3.0,76.0,7.2,327.0,-1.0,-1.0
151,2021,01,7,700,-1.8,0.1,3.0,85.0,6.4,347.0,-1.0,-1.0
152,2021,01,7,800,-1.6,0.1,3.0,80.0,5.5,343.0,-1.0,-1.0
153,2021,01,7,900,-2.2,0.7,3.0,87.0,6.0,332.0,-1.0,-1.0
154,2021,01,7,1000,-1.8,0.9,3.0,88.0,4.8,343.0,-1.0,-1.0
155,2021,01,7,1100,-1.4,1.8,3.0,90.0,6.4,3.0,-1.0,-1.0
156,2021,01,7,1200,-1.5,0.1,3.0,74.0,5.6,304.0,-1.0,-1.0
157,2021,01,7,1300,-0.7,0.7,3.0,67.0,5.9,308.0,-1.0,-1.0
158,2021,01,7,1400,-0.7,0.0,3.0,59.0,6.9,306.0,-1.0,-1.0
159,2021,01,7,1500,-0.6,0.0,3.0,67.0,6.1,316.0,-1.0,-1.0
160,2021,01,7,1600,-0.7,0.2,3.0,71.0,7.2,314.0,-1.0,-1.0
161,2021,01,7,1700,-1.5,0.0,3.0,81.0,6.2,337.0,-1.0,-1.0
162,2021,01,7,1800,-1.0,0.0,0.0,62.0,6.8,311.0,-1.0,-1.0
163,2021,01,7,1900,-1.0,0.0,3.0,60.0,7.9,314.0,-1.0,-1.0
164,2021,01,7,2000,-1.4,0.0,3.0,74.0,8.3,321.0,-1.0,-1.0
165,2021,01,7,2100,-0.5,0.0,0.0,50.0,6.2,305.0,-1.0,-1.0
166,2021,01,7,2200,-1.6,0.2,3.0,87.0,8.3,322.0,-1.0,-1.0
167,2021,01,7,2300,-2.1,1.2,3.0,91.0,9.4,17.0,-1.0,-1.0
168,2021,01,8,0,-2.2,0.9,3.0,91.0,5.4,342.0,-1.0,-1.0
169,2021,01,8,100,-1.2,0.0,0.0,81.0,4.7,335.0,-1.0,-1.0
170,2021,01,8,200,-1.3,0.0,3.0,83.0,6.8,355.0,-1.0,-1.0
171,2021,01,8,300,-0.4,0.7,3.0,84.0,5.7,310.0,-1.0,-1.0
172,2021,01,8,400,-0.3,0.8,3.0,81.0,6.2,308.0,-1.0,-1.0
173,2021,01,8,500,-0.6,0.0,3.0,73.0,8.4,312.0,-1.0,-1.0
174,2021,01,8,600,-0.1,0.0,3.0,72.0,7.7,307.0,-1.0,-1.0
175,2021,01,8,700,0.6,0.0,3.0,64.0,7.0,309.0,-1.0,-1.0
176,2021,01,8,800,0.2,0.1,3.0,65.0,8.1,306.0,-1.0,-1.0
177,2021,01,8,900,-0.1,0.0,3.0,68.0,7.8,318.0,-1.0,-1.0
178,2021,01,8,1000,0.1,0.0,3.0,60.0,8.8,310.0,-1.0,-1.0
179,2021,01,8,1100,0.4,0.1,0.0,65.0,8.1,325.0,-1.0,-1.0
180,2021,01,8,1200,-0.9,0.2,3.0,84.0,9.0,326.0,-1.0,-1.0
181,2021,01,8,1300,-1.1,0.5,3.0,89.0,5.3,337.0,-1.0,-1.0
182,2021,01,8,1400,-0.7,1.2,3.0,80.0,7.2,315.0,-1.0,-1.0
183,2021,01,8,1500,-0.7,0.0,0.0,75.0,5.8,347.0,-1.0,-1.0
184,2021,01,8,1600,-1.0,0.0,0.0,70.0,6.8,314.0,-1.0,-1.0
185,2021,01,8,1700,-0.4,0.0,0.0,77.0,5.2,335.0,-1.0,-1.0
186,2021,01,8,1800,0.7,0.0,0.0,61.0,7.3,315.0,-1.0,-1.0
187,2021,01,8,1900,0.8,0.0,0.0,70.0,7.0,309.0,-1.0,-1.0
188,2021,01,8,2000,0.5,0.0,0.0,63.0,6.1,311.0,-1.0,-1.0
189,2021,01,8,2100,1.1,0.0,0.0,58.0,6.6,296.0,-1.0,-1.0
190,2021,01,8,2200,0.3,0.0,3.0,77.0,6.4,292.0,-1.0,-1.0
191,2021,01,8,2300,1.5,0.1,3.0,63.0,6.4,305.0,-1.0,-1.0
192,2021,01,9,0,1.5,0.0,0.0,66.0,8.5,313.0,-1.0,-1.0
193,2021,01,9,100,1.9,0.0,0.0,55.0,7.3,294.0,-1.0,-1.0
194,2021,01,9,200,2.4,0.0,0.0,60.0,8.2,307.0,-1.0,-1.0
195,2021,01,9,300,2.5,0.0,0.0,62.0,7.9,308.0,-1.0,-1.0
196,2021,01,9,400,2.2,0.0,0.0,67.0,7.8,322.0,-1.0,-1.0
197,2021,01,9,500,1.5,0.5,0.0,79.0,6.8,319.0,-1.0,-1.0
198,2021,01,9,600,1.9,0.0,3.0,73.0,7.4,323.0,-1.0,-1.0
199,2021,01,9,700,2.6,0.1,0.0,64.0,8.4,317.0,-1.0,-1.0
200,2021,01,9,800,1.1,0.0,3.0,80.0,5.4,288.0,-1.0,-1.0
201,2021,01,9,900,1.9,0.2,3.0,81.0,7.0,316.0,-1.0,-1.0
202,2021,01,9,1000,2.8,0.0,0.0,62.0,6.8,313.0,-1.0,-1.0
203,2021,01,9,1100,2.1,0.0,0.0,68.0,5.6,354.0,-1.0,-1.0
204,2021,01,9,1200,0.7,0.0,0.0,69.0,5.2,351.0,-1.0,-1.0
205,2021,01,9,1300,0.7,0.0,0.0,69.0,3.7,347.0,-1.0,-1.0
206,2021,01,9,1400,0.8,0.0,0.0,64.0,3.7,308.0,-1.0,-1.0
207,2021,01,9,1500,1.2,0.0,0.0,68.0,2.8,338.0,-1.0,-1.0
208,2021,01,9,1600,1.2,0.0,0.0,68.0,3.6,329.0,-1.0,-1.0
209,2021,01,9,1700,1.4,0.0,0.0,68.0,3.3,330.0,-1.0,-1.0
210,2021,01,9,1800,1.7,0.0,3.0,71.0,3.1,342.0,-1.0,-1.0
211,2021,01,9,1900,1.8,0.0,0.0,67.0,2.0,275.0,-1.0,-1.0
212,2021,01,9,2000,2.1,0.0,3.0,69.0,2.4,299.0,-1.0,-1.0
213,2021,01,9,2100,2.7,0.0,0.0,68.0,2.0,289.0,-1.0,-1.0
214,2021,01,9,2200,1.8,0.0,2.0,86.0,3.4,346.0,-1.0,-1.0
215,2021,01,9,2300,3.2,0.0,2.0,73.0,3.1,289.0,-1.0,-1.0
216,2021,01,10,0,3.9,0.0,0.0,59.0,3.6,296.0,-1.0,-1.0
217,2021,01,10,100,3.9,0.0,0.0,65.0,4.8,306.0,-1.0,-1.0
218,2021,01,10,200,4.1,0.0,2.0,65.0,4.0,290.0,-1.0,-1.0
219,2021,01,10,300,4.8,0.0,0.0,64.0,4.9,302.0,-1.0,-1.0
220,2021,01,10,400,4.8,0.0,0.0,62.0,6.2,306.0,-1.0,-1.0
221,2021,01,10,500,4.7,0.0,0.0,57.0,7.1,297.0,-1.0,-1.0
222,2021,01,10,600,5.0,0.0,0.0,55.0,6.5,296.0,-1.0,-1.0
223,2021,01,10,700,5.0,0.0,0.0,63.0,6.5,305.0,-1.0,-1.0
224,2021,01,10,800,5.0,0.0,0.0,59.0,7.0,314.0,-1.0,-1.0
225,2021,01,10,900,4.8,0.0,0.0,55.0,4.9,313.0,-1.0,-1.0
226,2021,01,10,1000,4.9,0.0,0.0,54.0,4.9,322.0,-1.0,-1.0
227,2021,01,10,1100,4.7,0.0,0.0,53.0,3.9,332.0,-1.0,-1.0
228,2021,01,10,1200,4.7,0.0,0.0,54.0,4.0,350.0,-1.0,-1.0
229,2021,01,10,1300,4.6,0.0,0.0,53.0,3.7,0.0,-1.0,-1.0
230,2021,01,10,1400,4.6,0.0,0.0,54.0,3.4,348.0,-1.0,-1.0
231,2021,01,10,1500,4.7,0.0,0.0,55.0,3.4,345.0,-1.0,-1.0
232,2021,01,10,1600,4.8,0.0,0.0,52.0,3.6,297.0,-1.0,-1.0
233,2021,01,10,1700,4.9,0.0,0.0,56.0,4.0,303.0,-1.0,-1.0
234,2021,01,10,1800,5.0,0.0,0.0,55.0,3.0,298.0,-1.0,-1.0
235,2021,01,10,1900,5.0,0.0,0.0,55.0,3.0,292.0,-1.0,-1.0
236,2021,01,10,2000,4.8,0.0,0.0,60.0,2.5,261.0,-1.0,-1.0
237,2021,01,10,2100,4.6,0.0,1.0,72.0,2.4,26.0,-1.0,-1.0
238,2021,01,10,2200,3.2,0.0,2.0,78.0,1.7,145.0,-1.0,-1.0
239,2021,01,10,2300,2.5,0.7,2.0,88.0,1.8,224.0,-1.0,-1.0
240,2021,01,11,0,2.0,4.7,2.0,92.0,2.0,164.0,-1.0,-1.0
241,2021,01,11,100,2.4,0.4,1.0,91.0,1.5,172.0,-1.0,-1.0
242,2021,01,11,200,3.2,0.0,0.0,88.0,1.6,183.0,-1.0,-1.0
243,2021,01,11,300,3.5,0.0,1.0,84.0,0.9,237.0,-1.0,-1.0
244,2021,01,11,400,3.5,0.1,1.0,79.0,0.9,297.0,-1.0,-1.0
245,2021,01,11,500,3.2,0.1,0.0,87.0,1.7,166.0,-1.0,-1.0
246,2021,01,11,600,3.7,0.0,0.0,82.0,1.9,173.0,-1.0,-1.0
247,2021,01,11,700,3.7,0.0,0.0,80.0,0.9,193.0,-1.0,-1.0
248,2021,01,11,800,3.9,0.0,1.0,80.0,1.2,152.0,-1.0,-1.0
249,2021,01,11,900,3.1,0.5,1.0,84.0,1.4,159.0,-1.0,-1.0
250,2021,01,11,1000,2.9,0.4,1.0,85.0,0.8,228.0,-1.0,-1.0
251,2021,01,11,1100,1.7,1.5,2.0,91.0,3.0,205.0,-1.0,-1.0
252,2021,01,11,1200,2.2,1.2,2.0,92.0,2.0,207.0,-1.0,-1.0
253,2021,01,11,1300,2.9,1.2,1.0,92.0,3.6,284.0,-1.0,-1.0
254,2021,01,11,1400,3.7,0.1,1.0,82.0,4.8,270.0,-1.0,-1.0
255,2021,01,11,1500,2.7,0.1,2.0,85.0,5.1,289.0,-1.0,-1.0
256,2021,01,11,1600,4.4,0.0,1.0,72.0,4.5,342.0,-1.0,-1.0
257,2021,01,11,1700,4.4,0.0,0.0,58.0,4.9,295.0,-1.0,-1.0
258,2021,01,11,1800,4.5,0.0,0.0,56.0,4.6,307.0,-1.0,-1.0
259,2021,01,11,1900,4.4,0.0,0.0,53.0,5.5,309.0,-1.0,-1.0
260,2021,01,11,2000,4.3,0.0,0.0,53.0,5.3,305.0,-1.0,-1.0
261,2021,01,11,2100,4.2,0.0,0.0,54.0,3.8,296.0,-1.0,-1.0
262,2021,01,11,2200,4.5,0.0,0.0,54.0,3.5,303.0,-1.0,-1.0
263,2021,01,11,2300,4.4,0.0,0.0,57.0,4.3,297.0,-1.0,-1.0
264,2021,01,12,0,4.7,0.0,0.0,57.0,3.2,307.0,-1.0,-1.0
265,2021,01,12,100,3.8,0.0,0.0,64.0,2.2,260.0,-1.0,-1.0
266,2021,01,12,200,5.3,0.0,0.0,65.0,3.1,202.0,-1.0,-1.0
267,2021,01,12,300,5.1,0.0,0.0,61.0,3.4,240.0,-1.0,-1.0
268,2021,01,12,400,3.5,0.5,1.0,81.0,1.8,219.0,-1.0,-1.0
269,2021,01,12,500,4.1,0.5,1.0,84.0,2.6,206.0,-1.0,-1.0
270,2021,01,12,600,4.7,0.0,1.0,81.0,2.3,208.0,-1.0,-1.0
271,2021,01,12,700,5.7,0.0,0.0,60.0,4.0,243.0,-1.0,-1.0
272,2021,01,12,800,5.8,0.0,0.0,57.0,4.0,252.0,-1.0,-1.0
273,2021,01,12,900,5.4,0.0,0.0,58.0,3.8,219.0,-1.0,-1.0
274,2021,01,12,1000,5.2,0.0,0.0,57.0,3.1,216.0,-1.0,-1.0
275,2021,01,12,1100,4.9,0.0,0.0,60.0,3.2,216.0,-1.0,-1.0
276,2021,01,12,1200,4.9,0.0,0.0,59.0,3.3,214.0,-1.0,-1.0
277,2021,01,12,1300,5.0,0.0,0.0,58.0,3.6,203.0,-1.0,-1.0
278,2021,01,12,1400,5.4,0.0,0.0,57.0,4.4,213.0,-1.0,-1.0
279,2021,01,12,1500,6.0,0.0,0.0,58.0,3.3,218.0,-1.0,-1.0
280,2021,01,12,1600,6.3,0.0,0.0,57.0,3.0,208.0,-1.0,-1.0
281,2021,01,12,1700,6.4,0.0,0.0,56.0,3.3,203.0,-1.0,-1.0
282,2021,01,12,1800,6.9,0.0,0.0,55.0,3.5,207.0,-1.0,-1.0
283,2021,01,12,1900,7.3,0.0,0.0,54.0,3.5,206.0,-1.0,-1.0
284,2021,01,12,2000,7.6,0.0,0.0,54.0,3.7,204.0,-1.0,-1.0
285,2021,01,12,2100,7.8,0.0,0.0,53.0,4.0,205.0,-1.0,-1.0
286,2021,01,12,2200,8.1,0.0,0.0,53.0,3.7,207.0,-1.0,-1.0
287,2021,01,12,2300,8.8,0.0,0.0,51.0,4.1,202.0,-1.0,-1.0
288,2021,01,13,0,11.3,0.0,0.0,45.0,3.2,235.0,-1.0,-1.0
289,2021,01,13,100,12.2,0.0,0.0,45.0,5.6,233.0,-1.0,-1.0
290,2021,01,13,200,12.8,0.0,0.0,41.0,6.5,234.0,-1.0,-1.0
291,2021,01,13,300,13.3,0.0,0.0,44.0,5.6,239.0,-1.0,-1.0
292,2021,01,13,400,13.2,0.0,0.0,46.0,7.1,244.0,-1.0,-1.0
293,2021,01,13,500,13.2,0.0,0.0,47.0,6.8,233.0,-1.0,-1.0
294,2021,01,13,600,12.7,0.0,0.0,45.0,5.7,241.0,-1.0,-1.0
295,2021,01,13,700,11.5,0.0,0.0,48.0,4.8,242.0,-1.0,-1.0
296,2021,01,13,800,10.7,0.0,0.0,49.0,5.2,240.0,-1.0,-1.0
297,2021,01,13,900,10.8,0.0,0.0,45.0,3.5,235.0,-1.0,-1.0
298,2021,01,13,1000,11.0,0.0,0.0,40.0,5.2,235.0,-1.0,-1.0
299,2021,01,13,1100,10.7,0.0,0.0,42.0,4.6,239.0,-1.0,-1.0
300,2021,01,13,1200,10.8,0.0,0.0,45.0,4.1,225.0,-1.0,-1.0
301,2021,01,13,1300,10.2,0.0,0.0,51.0,4.2,214.0,-1.0,-1.0
302,2021,01,13,1400,10.5,0.0,0.0,55.0,3.9,239.0,-1.0,-1.0
303,2021,01,13,1500,10.5,0.0,0.0,57.0,4.5,242.0,-1.0,-1.0
304,2021,01,13,1600,10.3,0.0,0.0,59.0,3.3,220.0,-1.0,-1.0
305,2021,01,13,1700,9.9,0.0,0.0,62.0,2.8,212.0,-1.0,-1.0
306,2021,01,13,1800,9.6,0.0,0.0,63.0,3.6,206.0,-1.0,-1.0
307,2021,01,13,1900,9.6,0.0,0.0,65.0,3.1,209.0,-1.0,-1.0
308,2021,01,13,2000,8.9,0.0,0.0,67.0,1.9,187.0,-1.0,-1.0
309,2021,01,13,2100,8.8,0.0,0.0,67.0,1.0,120.0,-1.0,-1.0
310,2021,01,13,2200,8.4,0.0,0.0,71.0,2.1,151.0,-1.0,-1.0
311,2021,01,13,2300,9.1,0.0,0.0,66.0,1.4,163.0,-1.0,-1.0
312,2021,01,14,0,12.4,0.0,0.0,66.0,2.0,83.0,-1.0,-1.0
313,2021,01,14,100,13.4,0.0,0.0,60.0,2.4,52.0,-1.0,-1.0
314,2021,01,14,200,13.1,0.0,0.0,63.0,3.7,29.0,-1.0,-1.0
315,2021,01,14,300,13.9,0.0,0.0,59.0,2.8,34.0,-1.0,-1.0
316,2021,01,14,400,14.3,0.0,0.0,57.0,3.4,25.0,-1.0,-1.0
317,2021,01,14,500,14.9,0.0,0.0,59.0,2.4,355.0,-1.0,-1.0
318,2021,01,14,600,14.8,0.0,0.0,52.0,1.5,289.0,-1.0,-1.0
319,2021,01,14,700,13.7,0.0,0.0,56.0,2.0,83.0,-1.0,-1.0
320,2021,01,14,800,12.6,0.0,0.0,59.0,1.8,164.0,-1.0,-1.0
321,2021,01,14,900,11.5,0.0,0.0,61.0,1.5,165.0,-1.0,-1.0
322,2021,01,14,1000,10.2,0.0,0.0,64.0,2.1,161.0,-1.0,-1.0
323,2021,01,14,1100,9.1,0.0,0.0,65.0,2.3,168.0,-1.0,-1.0
324,2021,01,14,1200,8.8,0.0,0.0,61.0,2.1,165.0,-1.0,-1.0
325,2021,01,14,1300,8.4,0.0,0.0,63.0,3.4,145.0,-1.0,-1.0
326,2021,01,14,1400,8.5,0.0,0.0,60.0,2.5,148.0,-1.0,-1.0
327,2021,01,14,1500,8.2,0.0,0.0,64.0,1.9,181.0,-1.0,-1.0
328,2021,01,14,1600,8.2,0.0,0.0,61.0,2.6,171.0,-1.0,-1.0
329,2021,01,14,1700,8.1,0.0,0.0,67.0,2.6,150.0,-1.0,-1.0
330,2021,01,14,1800,8.2,0.0,0.0,70.0,2.2,158.0,-1.0,-1.0
331,2021,01,14,1900,8.1,0.0,0.0,77.0,2.1,162.0,-1.0,-1.0
332,2021,01,14,2000,8.0,0.0,0.0,81.0,2.2,159.0,-1.0,-1.0
333,2021,01,14,2100,8.1,0.0,0.0,81.0,1.8,187.0,-1.0,-1.0
334,2021,01,14,2200,8.9,0.0,0.0,80.0,1.7,177.0,-1.0,-1.0
335,2021,01,14,2300,9.6,0.0,0.0,78.0,2.0,155.0,-1.0,-1.0
336,2021,01,15,0,14.2,0.0,0.0,63.0,1.1,279.0,-1.0,-1.0
337,2021,01,15,100,16.4,0.0,0.0,51.0,4.2,216.0,-1.0,-1.0
338,2021,01,15,200,17.0,0.0,0.0,49.0,5.6,218.0,-1.0,-1.0
339,2021,01,15,300,18.1,0.0,0.0,47.0,5.5,240.0,-1.0,-1.0
340,2021,01,15,400,18.200001,0.0,0.0,47.0,5.0,229.0,-1.0,-1.0
341,2021,01,15,500,18.200001,0.0,0.0,48.0,5.0,235.0,-1.0,-1.0
342,2021,01,15,600,17.0,0.0,0.0,51.0,5.1,239.0,-1.0,-1.0
343,2021,01,15,700,16.0,0.0,0.0,57.0,4.0,226.0,-1.0,-1.0
344,2021,01,15,800,15.3,0.0,0.0,61.0,3.8,244.0,-1.0,-1.0
345,2021,01,15,900,14.5,0.0,0.0,69.0,3.3,249.0,-1.0,-1.0
346,2021,01,15,1000,14.3,0.0,0.0,72.0,3.0,256.0,-1.0,-1.0
347,2021,01,15,1100,12.4,0.0,0.0,82.0,2.6,354.0,-1.0,-1.0
348,2021,01,15,1200,11.1,0.0,0.0,84.0,2.7,316.0,-1.0,-1.0
349,2021,01,15,1300,9.8,0.0,0.0,80.0,6.1,5.0,-1.0,-1.0
350,2021,01,15,1400,8.6,0.0,0.0,75.0,3.8,354.0,-1.0,-1.0
351,2021,01,15,1500,8.2,0.0,0.0,74.0,2.8,309.0,-1.0,-1.0
352,2021,01,15,1600,8.0,0.0,0.0,68.0,3.8,301.0,-1.0,-1.0
353,2021,01,15,1700,7.4,0.0,0.0,66.0,4.8,307.0,-1.0,-1.0
354,2021,01,15,1800,7.1,0.0,0.0,66.0,4.0,304.0,-1.0,-1.0
355,2021,01,15,1900,6.5,0.0,0.0,66.0,4.9,325.0,-1.0,-1.0
356,2021,01,15,2000,6.5,0.0,0.0,64.0,5.7,311.0,-1.0,-1.0
357,2021,01,15,2100,6.0,0.0,0.0,68.0,4.8,324.0,-1.0,-1.0
358,2021,01,15,2200,5.4,0.0,0.0,66.0,4.6,310.0,-1.0,-1.0
359,2021,01,15,2300,5.4,0.0,0.0,67.0,4.1,306.0,-1.0,-1.0
360,2021,01,16,0,5.1,0.0,0.0,66.0,5.1,316.0,-1.0,-1.0
361,2021,01,16,100,5.2,0.0,0.0,64.0,4.8,319.0,-1.0,-1.0
362,2021,01,16,200,5.3,0.0,0.0,64.0,5.3,320.0,-1.0,-1.0
363,2021,01,16,300,5.5,0.0,0.0,59.0,4.6,320.0,-1.0,-1.0
364,2021,01,16,400,5.6,0.0,0.0,61.0,5.4,313.0,-1.0,-1.0
365,2021,01,16,500,4.9,0.0,0.0,62.0,5.8,315.0,-1.0,-1.0
366,2021,01,16,600,4.6,0.0,0.0,61.0,4.3,338.0,-1.0,-1.0
367,2021,01,16,700,4.3,0.0,0.0,63.0,4.8,321.0,-1.0,-1.0
368,2021,01,16,800,4.1,0.0,0.0,63.0,5.3,354.0,-1.0,-1.0
369,2021,01,16,900,3.9,0.0,0.0,63.0,3.7,343.0,-1.0,-1.0
370,2021,01,16,1000,3.5,0.0,0.0,61.0,4.8,348.0,-1.0,-1.0
371,2021,01,16,1100,3.4,0.0,0.0,63.0,4.8,360.0,-1.0,-1.0
372,2021,01,16,1200,3.1,0.0,0.0,61.0,4.8,332.0,-1.0,-1.0
373,2021,01,16,1300,2.9,0.0,0.0,62.0,4.7,334.0,-1.0,-1.0
374,2021,01,16,1400,2.8,0.0,0.0,64.0,6.0,342.0,-1.0,-1.0
375,2021,01,16,1500,2.5,0.0,0.0,73.0,5.8,339.0,-1.0,-1.0
376,2021,01,16,1600,2.4,0.0,3.0,69.0,5.4,337.0,-1.0,-1.0
377,2021,01,16,1700,3.1,0.0,0.0,65.0,5.5,358.0,-1.0,-1.0
378,2021,01,16,1800,3.2,0.0,0.0,69.0,5.0,336.0,-1.0,-1.0
379,2021,01,16,1900,2.5,0.1,2.0,81.0,6.3,331.0,-1.0,-1.0
380,2021,01,16,2000,3.0,0.2,2.0,83.0,5.1,5.0,-1.0,-1.0
381,2021,01,16,2100,2.5,0.5,2.0,85.0,6.1,348.0,-1.0,-1.0
382,2021,01,16,2200,2.8,0.8,2.0,85.0,7.0,357.0,-1.0,-1.0
383,2021,01,16,2300,2.9,0.0,2.0,77.0,6.5,353.0,-1.0,-1.0
384,2021,01,17,0,3.0,0.1,0.0,77.0,7.0,337.0,-1.0,-1.0
385,2021,01,17,100,3.5,0.2,0.0,58.0,6.4,312.0,-1.0,-1.0
386,2021,01,17,200,3.0,0.0,3.0,69.0,4.4,307.0,-1.0,-1.0
387,2021,01,17,300,3.5,0.0,2.0,67.0,5.4,319.0,-1.0,-1.0
388,2021,01,17,400,2.9,0.0,0.0,68.0,5.7,333.0,-1.0,-1.0
389,2021,01,17,500,3.1,0.0,3.0,69.0,4.9,3.0,-1.0,-1.0
390,2021,01,17,600,2.9,0.0,3.0,67.0,5.0,334.0,-1.0,-1.0
391,2021,01,17,700,2.1,0.0,3.0,76.0,4.4,351.0,-1.0,-1.0
392,2021,01,17,800,2.1,0.0,3.0,74.0,3.5,308.0,-1.0,-1.0
393,2021,01,17,900,1.9,0.0,3.0,78.0,3.8,327.0,-1.0,-1.0
394,2021,01,17,1000,2.2,0.1,3.0,78.0,2.2,350.0,-1.0,-1.0
395,2021,01,17,1100,2.4,0.0,0.0,74.0,2.0,182.0,-1.0,-1.0
396,2021,01,17,1200,3.7,0.0,0.0,56.0,3.7,295.0,-1.0,-1.0
397,2021,01,17,1300,4.1,0.0,0.0,50.0,3.9,293.0,-1.0,-1.0
398,2021,01,17,1400,4.3,0.0,0.0,56.0,3.9,299.0,-1.0,-1.0
399,2021,01,17,1500,4.3,0.0,0.0,57.0,3.7,274.0,-1.0,-1.0
400,2021,01,17,1600,3.7,0.0,0.0,66.0,2.7,203.0,-1.0,-1.0
401,2021,01,17,1700,3.3,0.0,0.0,69.0,3.1,180.0,-1.0,-1.0
402,2021,01,17,1800,4.5,0.0,0.0,66.0,3.8,240.0,-1.0,-1.0
403,2021,01,17,1900,5.9,0.0,0.0,52.0,4.9,256.0,-1.0,-1.0
404,2021,01,17,2000,6.0,0.0,0.0,46.0,6.1,259.0,-1.0,-1.0
405,2021,01,17,2100,5.6,0.0,0.0,52.0,3.8,229.0,-1.0,-1.0
406,2021,01,17,2200,6.1,0.0,0.0,56.0,4.8,239.0,-1.0,-1.0
407,2021,01,17,2300,6.9,0.0,0.0,47.0,6.2,246.0,-1.0,-1.0
408,2021,01,18,0,8.0,0.0,0.0,46.0,7.6,259.0,-1.0,-1.0
409,2021,01,18,100,8.7,0.0,0.0,46.0,8.0,268.0,-1.0,-1.0
410,2021,01,18,200,8.1,0.0,0.0,49.0,8.1,278.0,-1.0,-1.0
411,2021,01,18,300,9.1,0.0,0.0,41.0,6.0,267.0,-1.0,-1.0
412,2021,01,18,400,9.5,0.0,0.0,44.0,8.0,273.0,-1.0,-1.0
413,2021,01,18,500,9.2,0.0,0.0,44.0,7.9,283.0,-1.0,-1.0
414,2021,01,18,600,9.1,0.0,0.0,43.0,7.1,291.0,-1.0,-1.0
415,2021,01,18,700,8.6,0.0,0.0,45.0,7.8,299.0,-1.0,-1.0
416,2021,01,18,800,8.3,0.0,0.0,47.0,6.1,310.0,-1.0,-1.0
417,2021,01,18,900,8.1,0.0,0.0,48.0,6.5,319.0,-1.0,-1.0
418,2021,01,18,1000,7.2,0.0,0.0,41.0,6.3,311.0,-1.0,-1.0
419,2021,01,18,1100,6.4,0.0,0.0,51.0,6.4,310.0,-1.0,-1.0
420,2021,01,18,1200,5.9,0.0,0.0,49.0,5.8,311.0,-1.0,-1.0
421,2021,01,18,1300,5.1,0.0,0.0,55.0,4.3,337.0,-1.0,-1.0
422,2021,01,18,1400,4.5,0.0,0.0,53.0,4.8,315.0,-1.0,-1.0
423,2021,01,18,1500,4.2,0.0,0.0,53.0,3.9,338.0,-1.0,-1.0
424,2021,01,18,1600,3.8,0.0,0.0,53.0,4.1,340.0,-1.0,-1.0
425,2021,01,18,1700,3.2,0.0,0.0,57.0,2.3,315.0,-1.0,-1.0
426,2021,01,18,1800,3.1,0.0,0.0,57.0,3.5,7.0,-1.0,-1.0
427,2021,01,18,1900,2.8,0.0,0.0,62.0,3.5,9.0,-1.0,-1.0
428,2021,01,18,2000,2.4,0.0,0.0,62.0,2.2,17.0,-1.0,-1.0
429,2021,01,18,2100,2.4,0.0,0.0,62.0,2.2,0.0,-1.0,-1.0
430,2021,01,18,2200,2.1,0.0,0.0,56.0,2.2,6.0,-1.0,-1.0
431,2021,01,18,2300,2.8,0.0,0.0,56.0,2.4,352.0,-1.0,-1.0
432,2021,01,19,0,4.4,0.0,0.0,49.0,1.7,329.0,-1.0,-1.0
433,2021,01,19,100,4.8,0.0,0.0,47.0,2.1,319.0,-1.0,-1.0
434,2021,01,19,200,5.6,0.0,0.0,45.0,2.8,345.0,-1.0,-1.0
435,2021,01,19,300,5.4,0.0,0.0,40.0,2.6,341.0,-1.0,-1.0
436,2021,01,19,400,6.0,0.0,0.0,40.0,2.8,4.0,-1.0,-1.0
437,2021,01,19,500,5.7,0.0,0.0,39.0,2.5,32.0,-1.0,-1.0
438,2021,01,19,600,5.5,0.0,0.0,40.0,2.3,47.0,-1.0,-1.0
439,2021,01,19,700,5.1,0.0,0.0,43.0,2.4,27.0,-1.0,-1.0
440,2021,01,19,800,4.6,0.0,0.0,43.0,1.1,122.0,-1.0,-1.0
441,2021,01,19,900,4.2,0.0,0.0,47.0,1.2,170.0,-1.0,-1.0
442,2021,01,19,1000,3.5,0.0,0.0,49.0,2.0,160.0,-1.0,-1.0
443,2021,01,19,1100,3.4,0.0,0.0,54.0,1.8,159.0,-1.0,-1.0
444,2021,01,19,1200,3.4,0.0,0.0,63.0,1.3,174.0,-1.0,-1.0
445,2021,01,19,1300,4.1,0.0,0.0,68.0,1.1,152.0,-1.0,-1.0
446,2021,01,19,1400,4.3,0.0,0.0,66.0,1.3,154.0,-1.0,-1.0
447,2021,01,19,1500,4.4,0.0,0.0,64.0,2.1,151.0,-1.0,-1.0
448,2021,01,19,1600,4.1,0.0,0.0,66.0,1.2,170.0,-1.0,-1.0
449,2021,01,19,1700,4.7,0.0,0.0,65.0,2.0,144.0,-1.0,-1.0
450,2021,01,19,1800,4.5,0.0,0.0,68.0,1.2,154.0,-1.0,-1.0
451,2021,01,19,1900,3.9,0.0,0.0,71.0,1.9,172.0,-1.0,-1.0
452,2021,01,19,2000,4.0,0.0,0.0,63.0,2.6,171.0,-1.0,-1.0
453,2021,01,19,2100,4.5,0.0,0.0,55.0,2.1,170.0,-1.0,-1.0
454,2021,01,19,2200,4.2,0.0,0.0,57.0,1.5,175.0,-1.0,-1.0
455,2021,01,19,2300,6.5,0.0,0.0,62.0,0.7,113.0,-1.0,-1.0
456,2021,01,20,0,10.7,0.0,0.0,54.0,2.8,87.0,-1.0,-1.0
457,2021,01,20,100,12.4,0.0,0.0,48.0,3.7,109.0,-1.0,-1.0
458,2021,01,20,200,13.9,0.0,0.0,47.0,2.9,119.0,-1.0,-1.0
459,2021,01,20,300,15.1,0.0,0.0,40.0,3.0,109.0,-1.0,-1.0
460,2021,01,20,400,15.5,0.0,0.0,43.0,4.5,271.0,-1.0,-1.0
461,2021,01,20,500,15.0,0.0,0.0,45.0,2.4,278.0,-1.0,-1.0
462,2021,01,20,600,13.7,0.0,0.0,55.0,2.4,285.0,-1.0,-1.0
463,2021,01,20,700,13.1,0.0,0.0,55.0,1.8,239.0,-1.0,-1.0
464,2021,01,20,800,12.7,0.0,0.0,54.0,1.6,190.0,-1.0,-1.0
465,2021,01,20,900,11.7,0.0,0.0,59.0,2.0,163.0,-1.0,-1.0
466,2021,01,20,1000,10.9,0.0,0.0,66.0,1.9,160.0,-1.0,-1.0
467,2021,01,20,1100,10.3,0.0,0.0,69.0,2.0,156.0,-1.0,-1.0
468,2021,01,20,1200,9.1,0.0,0.0,68.0,0.9,195.0,-1.0,-1.0
469,2021,01,20,1300,8.3,0.0,0.0,62.0,1.7,170.0,-1.0,-1.0
470,2021,01,20,1400,8.0,0.0,0.0,62.0,1.7,170.0,-1.0,-1.0
471,2021,01,20,1500,7.9,0.0,0.0,65.0,2.3,149.0,-1.0,-1.0
472,2021,01,20,1600,7.8,0.0,0.0,67.0,1.4,164.0,-1.0,-1.0
473,2021,01,20,1700,7.8,0.0,0.0,69.0,2.4,156.0,-1.0,-1.0
474,2021,01,20,1800,8.1,0.0,0.0,67.0,2.4,145.0,-1.0,-1.0
475,2021,01,20,1900,7.9,0.0,0.0,66.0,2.1,161.0,-1.0,-1.0
476,2021,01,20,2000,8.2,0.0,0.0,66.0,2.3,151.0,-1.0,-1.0
477,2021,01,20,2100,8.3,0.0,0.0,68.0,2.1,162.0,-1.0,-1.0
478,2021,01,20,2200,8.6,0.0,0.0,69.0,1.8,161.0,-1.0,-1.0
479,2021,01,20,2300,10.6,0.0,0.0,63.0,0.4,255.0,-1.0,-1.0
480,2021,01,21,0,14.6,0.0,0.0,58.0,1.2,254.0,-1.0,-1.0
481,2021,01,21,100,14.9,0.0,0.0,50.0,1.8,251.0,-1.0,-1.0
482,2021,01,21,200,17.6,0.0,0.0,47.0,1.9,275.0,-1.0,-1.0
483,2021,01,21,300,15.7,0.0,0.0,58.0,1.7,14.0,-1.0,-1.0
484,2021,01,21,400,16.299999,0.0,0.0,59.0,2.4,326.0,-1.0,-1.0
485,2021,01,21,500,17.4,0.0,0.0,52.0,1.9,236.0,-1.0,-1.0
486,2021,01,21,600,16.5,0.0,0.0,56.0,1.4,242.0,-1.0,-1.0
487,2021,01,21,700,16.0,0.0,1.0,67.0,2.2,238.0,-1.0,-1.0
488,2021,01,21,800,14.5,0.0,1.0,68.0,1.6,187.0,-1.0,-1.0
489,2021,01,21,900,13.4,0.0,1.0,74.0,1.6,189.0,-1.0,-1.0
490,2021,01,21,1000,13.0,0.1,1.0,81.0,0.9,180.0,-1.0,-1.0
491,2021,01,21,1100,12.7,0.4,1.0,86.0,1.3,161.0,-1.0,-1.0
492,2021,01,21,1200,13.0,0.0,0.0,82.0,1.0,197.0,-1.0,-1.0
493,2021,01,21,1300,13.1,0.0,0.0,83.0,0.7,355.0,-1.0,-1.0
494,2021,01,21,1400,13.1,0.0,1.0,86.0,0.7,198.0,-1.0,-1.0
495,2021,01,21,1500,13.5,0.0,1.0,82.0,1.6,154.0,-1.0,-1.0
496,2021,01,21,1600,14.4,0.0,1.0,89.0,3.3,242.0,-1.0,-1.0
497,2021,01,21,1700,14.1,0.2,1.0,93.0,3.1,248.0,-1.0,-1.0
498,2021,01,21,1800,13.7,1.6,1.0,95.0,3.0,250.0,-1.0,-1.0
499,2021,01,21,1900,13.1,2.3,1.0,96.0,2.2,279.0,-1.0,-1.0
500,2021,01,21,2000,12.7,0.4,1.0,96.0,2.7,270.0,-1.0,-1.0
501,2021,01,21,2100,12.5,0.1,1.0,96.0,2.1,295.0,-1.0,-1.0
502,2021,01,21,2200,12.4,0.0,1.0,94.0,2.0,290.0,-1.0,-1.0
503,2021,01,21,2300,12.5,0.0,0.0,93.0,1.7,310.0,-1.0,-1.0
504,2021,01,22,0,13.0,0.0,0.0,90.0,0.5,264.0,-1.0,-1.0
505,2021,01,22,100,13.3,0.0,0.0,87.0,0.3,226.0,-1.0,-1.0
506,2021,01,22,200,13.1,0.0,1.0,89.0,1.1,203.0,-1.0,-1.0
507,2021,01,22,300,13.0,0.2,1.0,89.0,0.5,243.0,-1.0,-1.0
508,2021,01,22,400,13.4,0.1,1.0,86.0,1.2,334.0,-1.0,-1.0
509,2021,01,22,500,13.2,0.0,1.0,89.0,1.7,10.0,-1.0,-1.0
510,2021,01,22,600,12.5,0.4,1.0,92.0,1.9,17.0,-1.0,-1.0
511,2021,01,22,700,12.2,0.7,1.0,93.0,1.9,355.0,-1.0,-1.0
512,2021,01,22,800,12.1,0.9,1.0,93.0,2.4,18.0,-1.0,-1.0
513,2021,01,22,900,12.0,0.2,1.0,91.0,2.0,24.0,-1.0,-1.0
514,2021,01,22,1000,12.1,0.1,1.0,91.0,2.2,27.0,-1.0,-1.0
515,2021,01,22,1100,12.0,0.1,1.0,90.0,0.7,170.0,-1.0,-1.0
516,2021,01,22,1200,11.9,0.7,1.0,93.0,0.3,219.0,-1.0,-1.0
517,2021,01,22,1300,11.6,0.0,1.0,91.0,1.0,166.0,-1.0,-1.0
518,2021,01,22,1400,11.5,0.6,1.0,92.0,0.6,200.0,-1.0,-1.0
519,2021,01,22,1500,11.8,0.4,1.0,91.0,1.4,152.0,-1.0,-1.0
520,2021,01,22,1600,11.8,0.2,1.0,92.0,1.3,123.0,-1.0,-1.0
521,2021,01,22,1700,11.9,0.5,1.0,93.0,0.4,208.0,-1.0,-1.0
522,2021,01,22,1800,12.0,1.5,1.0,94.0,1.2,127.0,-1.0,-1.0
523,2021,01,22,1900,12.5,1.2,1.0,95.0,3.0,48.0,-1.0,-1.0
524,2021,01,22,2000,12.6,1.8,1.0,95.0,3.7,64.0,-1.0,-1.0
525,2021,01,22,2100,12.6,1.9,1.0,94.0,4.1,60.0,-1.0,-1.0
526,2021,01,22,2200,12.9,1.1,1.0,94.0,4.9,60.0,-1.0,-1.0
527,2021,01,22,2300,13.0,3.8,1.0,95.0,3.1,55.0,-1.0,-1.0
528,2021,01,23,0,12.9,3.0,1.0,96.0,3.4,60.0,-1.0,-1.0
529,2021,01,23,100,12.8,3.5,1.0,96.0,4.3,60.0,-1.0,-1.0
530,2021,01,23,200,12.9,2.3,1.0,94.0,5.2,66.0,-1.0,-1.0
531,2021,01,23,300,13.2,3.0,1.0,95.0,3.2,78.0,-1.0,-1.0
532,2021,01,23,400,13.1,1.1,1.0,93.0,4.1,74.0,-1.0,-1.0
533,2021,01,23,500,13.3,0.7,1.0,92.0,4.8,63.0,-1.0,-1.0
534,2021,01,23,600,13.2,5.3,1.0,94.0,4.9,65.0,-1.0,-1.0
535,2021,01,23,700,12.8,7.5,1.0,93.0,6.7,62.0,-1.0,-1.0
536,2021,01,23,800,12.3,7.9,1.0,89.0,4.3,80.0,-1.0,-1.0
537,2021,01,23,900,12.3,4.4,1.0,87.0,4.5,75.0,-1.0,-1.0
538,2021,01,23,1000,12.6,3.5,1.0,79.0,5.6,68.0,-1.0,-1.0
539,2021,01,23,1100,11.9,1.9,1.0,83.0,6.0,70.0,-1.0,-1.0
540,2021,01,23,1200,12.0,0.5,1.0,80.0,5.4,64.0,-1.0,-1.0
541,2021,01,23,1300,11.6,0.0,1.0,83.0,6.3,56.0,-1.0,-1.0
542,2021,01,23,1400,11.3,0.4,1.0,77.0,5.9,55.0,-1.0,-1.0
543,2021,01,23,1500,11.4,0.0,1.0,76.0,6.4,50.0,-1.0,-1.0
544,2021,01,23,1600,11.0,0.1,1.0,75.0,5.2,64.0,-1.0,-1.0
545,2021,01,23,1700,11.3,0.1,0.0,71.0,6.0,59.0,-1.0,-1.0
546,2021,01,23,1800,10.9,0.0,0.0,72.0,3.5,66.0,-1.0,-1.0
547,2021,01,23,1900,10.4,0.0,0.0,75.0,2.0,106.0,-1.0,-1.0
548,2021,01,23,2000,11.1,0.0,0.0,70.0,6.2,40.0,-1.0,-1.0
549,2021,01,23,2100,10.8,0.0,0.0,70.0,4.0,50.0,-1.0,-1.0
550,2021,01,23,2200,10.5,0.0,0.0,71.0,2.8,82.0,-1.0,-1.0
551,2021,01,23,2300,11.4,0.0,0.0,67.0,4.5,65.0,-1.0,-1.0
552,2021,01,24,0,12.1,0.0,0.0,66.0,3.7,62.0,-1.0,-1.0
553,2021,01,24,100,13.1,0.0,0.0,60.0,4.1,54.0,-1.0,-1.0
554,2021,01,24,200,12.8,0.0,0.0,62.0,4.5,61.0,-1.0,-1.0
555,2021,01,24,300,13.1,0.0,0.0,59.0,5.0,53.0,-1.0,-1.0
556,2021,01,24,400,12.4,0.0,0.0,58.0,5.0,56.0,-1.0,-1.0
557,2021,01,24,500,13.2,0.0,0.0,55.0,4.0,53.0,-1.0,-1.0
558,2021,01,24,600,12.5,0.0,0.0,58.0,4.0,62.0,-1.0,-1.0
559,2021,01,24,700,12.0,0.0,0.0,61.0,2.7,62.0,-1.0,-1.0
560,2021,01,24,800,11.3,0.0,0.0,61.0,2.9,78.0,-1.0,-1.0
561,2021,01,24,900,10.9,0.0,0.0,62.0,2.1,87.0,-1.0,-1.0
562,2021,01,24,1000,11.6,0.0,0.0,61.0,3.7,75.0,-1.0,-1.0
563,2021,01,24,1100,11.4,0.0,0.0,61.0,2.5,82.0,-1.0,-1.0
564,2021,01,24,1200,11.7,0.0,0.0,64.0,2.5,97.0,-1.0,-1.0
565,2021,01,24,1300,11.8,0.0,0.0,60.0,2.5,87.0,-1.0,-1.0
566,2021,01,24,1400,11.7,0.0,0.0,60.0,2.5,88.0,-1.0,-1.0
567,2021,01,24,1500,11.9,0.0,0.0,62.0,3.3,71.0,-1.0,-1.0
568,2021,01,24,1600,11.8,0.0,0.0,62.0,3.3,76.0,-1.0,-1.0
569,2021,01,24,1700,11.6,0.0,0.0,64.0,3.9,71.0,-1.0,-1.0
570,2021,01,24,1800,11.5,0.0,0.0,66.0,2.3,87.0,-1.0,-1.0
571,2021,01,24,1900,11.5,0.0,0.0,73.0,4.2,67.0,-1.0,-1.0
572,2021,01,24,2000,11.4,0.0,0.0,71.0,3.0,90.0,-1.0,-1.0
573,2021,01,24,2100,11.4,0.0,0.0,67.0,2.8,84.0,-1.0,-1.0
574,2021,01,24,2200,11.5,0.0,0.0,66.0,3.7,75.0,-1.0,-1.0
575,2021,01,24,2300,11.9,0.0,0.0,66.0,3.0,82.0,-1.0,-1.0
576,2021,01,25,0,12.6,0.0,0.0,61.0,4.2,82.0,-1.0,-1.0
577,2021,01,25,100,12.9,0.0,0.0,62.0,4.3,73.0,-1.0,-1.0
578,2021,01,25,200,13.9,0.0,0.0,63.0,5.1,82.0,-1.0,-1.0
579,2021,01,25,300,14.5,0.0,0.0,58.0,5.0,81.0,-1.0,-1.0
580,2021,01,25,400,14.5,0.0,0.0,57.0,5.3,72.0,-1.0,-1.0
581,2021,01,25,500,14.4,0.0,0.0,61.0,4.1,75.0,-1.0,-1.0
582,2021,01,25,600,13.7,0.0,0.0,62.0,5.2,81.0,-1.0,-1.0
583,2021,01,25,700,13.3,0.0,0.0,66.0,3.2,81.0,-1.0,-1.0
584,2021,01,25,800,12.7,0.0,0.0,69.0,2.1,89.0,-1.0,-1.0
585,2021,01,25,900,12.6,0.0,0.0,70.0,2.0,77.0,-1.0,-1.0
586,2021,01,25,1000,12.6,0.0,0.0,71.0,2.1,80.0,-1.0,-1.0
587,2021,01,25,1100,12.5,0.0,0.0,73.0,2.8,79.0,-1.0,-1.0
588,2021,01,25,1200,12.3,0.0,0.0,74.0,2.1,81.0,-1.0,-1.0
589,2021,01,25,1300,12.5,0.0,0.0,74.0,3.0,75.0,-1.0,-1.0
590,2021,01,25,1400,12.7,0.0,0.0,75.0,2.8,80.0,-1.0,-1.0
591,2021,01,25,1500,11.9,0.0,1.0,85.0,2.8,98.0,-1.0,-1.0
592,2021,01,25,1600,12.4,0.0,1.0,84.0,3.4,104.0,-1.0,-1.0
593,2021,01,25,1700,12.4,0.0,1.0,84.0,2.6,65.0,-1.0,-1.0
594,2021,01,25,1800,12.5,0.1,1.0,84.0,2.8,97.0,-1.0,-1.0
595,2021,01,25,1900,11.7,1.0,1.0,91.0,1.7,83.0,-1.0,-1.0
596,2021,01,25,2000,11.7,1.0,0.0,92.0,2.6,69.0,-1.0,-1.0
597,2021,01,25,2100,11.8,0.1,1.0,93.0,2.2,83.0,-1.0,-1.0
598,2021,01,25,2200,12.0,0.8,1.0,94.0,1.2,45.0,-1.0,-1.0
599,2021,01,25,2300,10.8,4.4,1.0,95.0,7.4,31.0,-1.0,-1.0
600,2021,01,26,0,10.6,3.4,1.0,95.0,4.4,34.0,-1.0,-1.0
601,2021,01,26,100,10.3,5.5,1.0,95.0,4.4,29.0,-1.0,-1.0
602,2021,01,26,200,10.2,0.8,0.0,93.0,4.1,28.0,-1.0,-1.0
603,2021,01,26,300,9.9,1.7,1.0,94.0,3.0,11.0,-1.0,-1.0
604,2021,01,26,400,10.0,0.9,0.0,92.0,0.6,202.0,-1.0,-1.0
605,2021,01,26,500,10.0,0.0,0.0,87.0,3.0,332.0,-1.0,-1.0
606,2021,01,26,600,9.9,0.0,1.0,82.0,2.3,319.0,-1.0,-1.0
607,2021,01,26,700,9.9,0.0,0.0,77.0,2.4,342.0,-1.0,-1.0
608,2021,01,26,800,10.0,0.0,0.0,75.0,4.6,10.0,-1.0,-1.0
609,2021,01,26,900,9.8,0.0,0.0,75.0,4.6,354.0,-1.0,-1.0
610,2021,01,26,1000,9.5,0.0,0.0,75.0,5.1,359.0,-1.0,-1.0
611,2021,01,26,1100,9.7,0.0,0.0,76.0,4.2,5.0,-1.0,-1.0
612,2021,01,26,1200,9.4,0.0,0.0,73.0,4.8,5.0,-1.0,-1.0
613,2021,01,26,1300,9.2,0.0,0.0,75.0,2.2,346.0,-1.0,-1.0
614,2021,01,26,1400,8.6,0.0,0.0,72.0,3.9,311.0,-1.0,-1.0
615,2021,01,26,1500,8.4,0.0,0.0,72.0,4.4,303.0,-1.0,-1.0
616,2021,01,26,1600,7.8,0.0,0.0,70.0,3.5,324.0,-1.0,-1.0
617,2021,01,26,1700,7.2,0.0,0.0,69.0,1.8,326.0,-1.0,-1.0
618,2021,01,26,1800,6.8,0.0,0.0,72.0,1.6,290.0,-1.0,-1.0
619,2021,01,26,1900,7.0,0.0,0.0,63.0,3.2,10.0,-1.0,-1.0
620,2021,01,26,2000,6.5,0.0,0.0,64.0,2.7,347.0,-1.0,-1.0
621,2021,01,26,2100,6.4,0.0,0.0,63.0,2.3,347.0,-1.0,-1.0
622,2021,01,26,2200,6.4,0.0,0.0,63.0,1.0,30.0,-1.0,-1.0
623,2021,01,26,2300,7.1,0.0,0.0,55.0,1.3,307.0,-1.0,-1.0
624,2021,01,27,0,8.9,0.0,0.0,44.0,2.3,50.0,-1.0,-1.0
625,2021,01,27,100,9.0,0.0,0.0,42.0,2.2,14.0,-1.0,-1.0
626,2021,01,27,200,9.0,0.0,0.0,40.0,2.8,16.0,-1.0,-1.0
627,2021,01,27,300,9.2,0.0,0.0,41.0,2.6,13.0,-1.0,-1.0
628,2021,01,27,400,9.4,0.0,0.0,43.0,3.0,15.0,-1.0,-1.0
629,2021,01,27,500,9.0,0.0,0.0,46.0,3.2,2.0,-1.0,-1.0
630,2021,01,27,600,8.9,0.0,0.0,43.0,2.5,18.0,-1.0,-1.0
631,2021,01,27,700,8.4,0.0,0.0,42.0,1.9,30.0,-1.0,-1.0
632,2021,01,27,800,7.9,0.0,0.0,42.0,0.8,164.0,-1.0,-1.0
633,2021,01,27,900,7.0,0.0,0.0,54.0,1.7,173.0,-1.0,-1.0
634,2021,01,27,1000,6.5,0.0,0.0,55.0,2.8,173.0,-1.0,-1.0
635,2021,01,27,1100,6.2,0.0,0.0,54.0,1.5,167.0,-1.0,-1.0
636,2021,01,27,1200,6.0,0.0,0.0,50.0,1.4,173.0,-1.0,-1.0
637,2021,01,27,1300,6.5,0.0,0.0,50.0,1.3,170.0,-1.0,-1.0
638,2021,01,27,1400,6.8,0.0,0.0,51.0,1.2,160.0,-1.0,-1.0
639,2021,01,27,1500,6.8,0.0,0.0,55.0,1.2,164.0,-1.0,-1.0
640,2021,01,27,1600,6.5,0.0,0.0,54.0,2.0,179.0,-1.0,-1.0
641,2021,01,27,1700,7.1,0.0,0.0,54.0,1.5,187.0,-1.0,-1.0
642,2021,01,27,1800,6.5,0.0,0.0,58.0,2.2,173.0,-1.0,-1.0
643,2021,01,27,1900,6.9,0.0,0.0,63.0,2.6,209.0,-1.0,-1.0
644,2021,01,27,2000,7.2,0.0,0.0,73.0,2.9,234.0,-1.0,-1.0
645,2021,01,27,2100,7.8,0.0,0.0,72.0,2.5,226.0,-1.0,-1.0
646,2021,01,27,2200,8.0,0.0,0.0,68.0,4.8,272.0,-1.0,-1.0
647,2021,01,27,2300,8.0,0.0,0.0,64.0,4.6,270.0,-1.0,-1.0
648,2021,01,28,0,9.2,0.0,0.0,56.0,5.6,271.0,-1.0,-1.0
649,2021,01,28,100,10.0,0.0,0.0,54.0,6.0,283.0,-1.0,-1.0
650,2021,01,28,200,10.2,0.0,0.0,52.0,7.5,280.0,-1.0,-1.0
651,2021,01,28,300,9.9,0.0,0.0,58.0,6.1,278.0,-1.0,-1.0
652,2021,01,28,400,8.9,0.0,0.0,65.0,8.6,311.0,-1.0,-1.0
653,2021,01,28,500,7.9,0.0,0.0,50.0,9.2,308.0,-1.0,-1.0
654,2021,01,28,600,6.7,0.0,0.0,51.0,9.8,308.0,-1.0,-1.0
655,2021,01,28,700,5.5,0.0,0.0,55.0,10.6,305.0,-1.0,-1.0
656,2021,01,28,800,4.7,0.0,2.0,56.0,8.9,300.0,-1.0,-1.0
657,2021,01,28,900,3.8,0.0,0.0,58.0,9.8,312.0,-1.0,-1.0
658,2021,01,28,1000,3.8,0.0,0.0,54.0,10.9,320.0,-1.0,-1.0
659,2021,01,28,1100,2.8,0.0,0.0,47.0,9.1,304.0,-1.0,-1.0
660,2021,01,28,1200,2.8,0.0,3.0,61.0,9.4,312.0,-1.0,-1.0
661,2021,01,28,1300,1.6,0.0,3.0,77.0,6.9,304.0,-1.0,-1.0
662,2021,01,28,1400,0.7,0.5,3.0,81.0,8.3,317.0,-1.0,-1.0
663,2021,01,28,1500,0.8,0.2,3.0,80.0,7.9,328.0,-1.0,-1.0
664,2021,01,28,1600,1.4,0.0,0.0,66.0,7.6,320.0,-1.0,-1.0
665,2021,01,28,1700,1.4,0.0,0.0,58.0,7.7,317.0,-1.0,-1.0
666,2021,01,28,1800,1.4,0.0,0.0,61.0,7.6,319.0,-1.0,-1.0
667,2021,01,28,1900,0.8,0.0,0.0,66.0,7.5,309.0,-1.0,-1.0
668,2021,01,28,2000,1.2,0.0,0.0,53.0,7.6,304.0,-1.0,-1.0
669,2021,01,28,2100,1.4,0.0,0.0,61.0,7.1,313.0,-1.0,-1.0
670,2021,01,28,2200,1.0,0.0,3.0,67.0,5.8,309.0,-1.0,-1.0
671,2021,01,28,2300,1.2,0.0,0.0,62.0,5.9,319.0,-1.0,-1.0
672,2021,01,29,0,1.8,0.0,0.0,56.0,5.5,323.0,-1.0,-1.0
673,2021,01,29,100,3.0,0.0,0.0,54.0,4.7,337.0,-1.0,-1.0
674,2021,01,29,200,3.3,0.0,0.0,57.0,4.7,310.0,-1.0,-1.0
675,2021,01,29,300,3.9,0.0,0.0,48.0,5.6,315.0,-1.0,-1.0
676,2021,01,29,400,4.7,0.0,0.0,51.0,4.9,325.0,-1.0,-1.0
677,2021,01,29,500,3.9,0.0,0.0,53.0,5.0,312.0,-1.0,-1.0
678,2021,01,29,600,5.0,0.0,0.0,55.0,3.9,325.0,-1.0,-1.0
679,2021,01,29,700,4.3,0.0,0.0,55.0,4.0,321.0,-1.0,-1.0
680,2021,01,29,800,3.8,0.0,0.0,53.0,4.5,293.0,-1.0,-1.0
681,2021,01,29,900,3.9,0.0,0.0,56.0,2.5,299.0,-1.0,-1.0
682,2021,01,29,1000,3.9,0.0,0.0,54.0,3.4,288.0,-1.0,-1.0
683,2021,01,29,1100,3.8,0.0,0.0,54.0,3.1,253.0,-1.0,-1.0
684,2021,01,29,1200,2.7,0.0,0.0,57.0,2.7,200.0,-1.0,-1.0
685,2021,01,29,1300,2.5,0.0,0.0,59.0,2.5,205.0,-1.0,-1.0
686,2021,01,29,1400,2.2,0.0,0.0,61.0,2.6,185.0,-1.0,-1.0
687,2021,01,29,1500,2.3,0.0,0.0,62.0,2.6,176.0,-1.0,-1.0
688,2021,01,29,1600,2.6,0.0,0.0,60.0,2.8,176.0,-1.0,-1.0
689,2021,01,29,1700,2.6,0.0,0.0,61.0,2.5,176.0,-1.0,-1.0
690,2021,01,29,1800,3.9,0.0,0.0,60.0,3.8,206.0,-1.0,-1.0
691,2021,01,29,1900,4.8,0.0,0.0,59.0,3.4,212.0,-1.0,-1.0
692,2021,01,29,2000,5.3,0.0,0.0,57.0,3.6,207.0,-1.0,-1.0
693,2021,01,29,2100,5.6,0.0,0.0,58.0,3.3,208.0,-1.0,-1.0
694,2021,01,29,2200,5.7,0.0,0.0,57.0,4.1,210.0,-1.0,-1.0
695,2021,01,29,2300,6.9,0.0,0.0,53.0,3.6,207.0,-1.0,-1.0
696,2021,01,30,0,8.9,0.0,0.0,49.0,4.2,218.0,-1.0,-1.0
697,2021,01,30,100,9.8,0.0,0.0,47.0,4.7,246.0,-1.0,-1.0
698,2021,01,30,200,10.8,0.0,0.0,43.0,5.3,252.0,-1.0,-1.0
699,2021,01,30,300,10.6,0.0,0.0,45.0,5.1,248.0,-1.0,-1.0
700,2021,01,30,400,10.7,0.0,0.0,47.0,5.4,266.0,-1.0,-1.0
701,2021,01,30,500,10.6,0.0,0.0,49.0,5.5,250.0,-1.0,-1.0
702,2021,01,30,600,11.0,0.0,0.0,51.0,3.6,263.0,-1.0,-1.0
703,2021,01,30,700,10.3,0.0,0.0,52.0,3.4,256.0,-1.0,-1.0
704,2021,01,30,800,9.6,0.0,0.0,57.0,2.5,221.0,-1.0,-1.0
705,2021,01,30,900,8.8,0.0,0.0,58.0,3.2,203.0,-1.0,-1.0
706,2021,01,30,1000,8.8,0.0,0.0,58.0,3.4,189.0,-1.0,-1.0
707,2021,01,30,1100,9.1,0.0,0.0,58.0,2.6,192.0,-1.0,-1.0
708,2021,01,30,1200,9.0,0.0,0.0,57.0,2.7,179.0,-1.0,-1.0
709,2021,01,30,1300,8.5,0.0,0.0,58.0,1.8,177.0,-1.0,-1.0
710,2021,01,30,1400,7.3,0.0,0.0,60.0,2.5,163.0,-1.0,-1.0
711,2021,01,30,1500,6.9,0.0,0.0,62.0,2.4,166.0,-1.0,-1.0
712,2021,01,30,1600,6.3,0.0,0.0,64.0,2.5,174.0,-1.0,-1.0
713,2021,01,30,1700,5.9,0.0,0.0,67.0,1.5,176.0,-1.0,-1.0
714,2021,01,30,1800,6.5,0.0,0.0,66.0,1.5,142.0,-1.0,-1.0
715,2021,01,30,1900,5.8,0.0,0.0,69.0,1.8,164.0,-1.0,-1.0
716,2021,01,30,2000,5.8,0.0,0.0,70.0,2.0,150.0,-1.0,-1.0
717,2021,01,30,2100,5.8,0.0,0.0,71.0,1.9,153.0,-1.0,-1.0
718,2021,01,30,2200,6.3,0.0,0.0,70.0,2.4,157.0,-1.0,-1.0
719,2021,01,30,2300,8.3,0.0,0.0,60.0,1.5,185.0,-1.0,-1.0
720,2021,01,31,0,10.8,0.0,0.0,58.0,0.9,182.0,-1.0,-1.0
721,2021,01,31,100,12.1,0.0,0.0,54.0,1.1,292.0,-1.0,-1.0
722,2021,01,31,200,12.4,0.0,0.0,51.0,2.1,264.0,-1.0,-1.0
723,2021,01,31,300,13.7,0.0,0.0,46.0,2.0,314.0,-1.0,-1.0
724,2021,01,31,400,13.3,0.0,0.0,51.0,3.2,21.0,-1.0,-1.0
725,2021,01,31,500,14.7,0.0,0.0,46.0,1.9,310.0,-1.0,-1.0
726,2021,01,31,600,14.2,0.0,0.0,49.0,1.1,307.0,-1.0,-1.0
727,2021,01,31,700,13.4,0.0,0.0,51.0,1.6,347.0,-1.0,-1.0
728,2021,01,31,800,13.3,0.0,0.0,49.0,1.9,8.0,-1.0,-1.0
729,2021,01,31,900,12.9,0.0,0.0,51.0,1.4,127.0,-1.0,-1.0
730,2021,01,31,1000,13.0,0.0,0.0,54.0,0.9,258.0,-1.0,-1.0
731,2021,01,31,1100,13.1,0.0,0.0,61.0,1.4,24.0,-1.0,-1.0
732,2021,01,31,1200,13.3,0.0,0.0,62.0,1.1,253.0,-1.0,-1.0
733,2021,01,31,1300,13.1,0.0,1.0,68.0,1.0,221.0,-1.0,-1.0
734,2021,01,31,1400,12.9,0.0,1.0,79.0,1.3,193.0,-1.0,-1.0
735,2021,01,31,1500,12.5,0.1,1.0,84.0,1.3,101.0,-1.0,-1.0
736,2021,01,31,1600,15.2,0.1,1.0,74.0,5.5,208.0,-1.0,-1.0
737,2021,01,31,1700,15.0,0.0,1.0,78.0,5.4,222.0,-1.0,-1.0
738,2021,01,31,1800,14.9,0.5,1.0,81.0,5.3,227.0,-1.0,-1.0
739,2021,01,31,1900,12.8,3.1,1.0,90.0,6.4,282.0,-1.0,-1.0
740,2021,01,31,2000,12.1,4.7,1.0,95.0,4.2,241.0,-1.0,-1.0
741,2021,01,31,2100,11.9,3.9,1.0,95.0,2.5,242.0,-1.0,-1.0
742,2021,01,31,2200,11.9,1.9,1.0,94.0,3.9,249.0,-1.0,-1.0
743,2021,01,31,2300,12.0,1.8,1.0,93.0,4.1,246.0,-1.0,-1.0
